imdb_id,age
tt0114709,kid
tt0113497,kid
tt0114885,adult
tt0113277,adult
tt0114576,adult
tt0113189,teen
tt0112346,teen
tt0113987,adult
tt0112760,teen
tt0112641,adult
tt0114388,kid
tt0113101,adult
tt0112281,teen
tt0113845,adult
tt0113161,adult
tt0112401,adult
tt0113627,adult
tt0114011,teen
tt0112682,adult
tt0114746,adult
tt0112431,kid
tt0112818,adult
tt0113855,teen
tt0114681,adult
tt0113347,teen
tt0114369,adult
tt0114148,kid
tt0114814,adult
tt0113819,adult
tt0113118,adult
tt0116367,adult
tt0113010,adult
tt0115676,kid
tt0114367,adult
tt0114660,adult
tt0118158,teen
tt0113972,adult
tt0117002,adult
tt0114825,adult
tt0115759,adult
tt0115734,adult
tt0116483,teen
tt0112579,teen
tt0112573,adult
tt0075314,adult
tt0113326,adult
tt0114536,teen
tt0103859,adult
tt0116324,adult
tt0113451,adult
tt0115685,adult
tt0112442,adult
tt0112427,adult
tt0112384,kid
tt0114287,adult
tt0112462,teen
tt0112541,adult
tt0109370,kid
tt0112642,kid
tt0112688,adult
tt0112715,teen
tt0112740,adult
tt0112851,adult
tt0112857,adult
tt0112864,adult
tt0113071,teen
tt0113243,teen
tt0113481,adult
tt0113492,adult
tt0113540,na
tt0113677,adult
tt0113749,adult
tt0113820,kid
tt0110604,adult
tt0113957,teen
tt0114095,adult
tt0114194,adult
tt0114345,adult
tt0114436,na
tt0114478,adult
tt0114508,adult
tt0114558,adult
tt0114666,adult
tt0114781,adult
tt0114887,teen
tt0114898,teen
tt0111579,adult
tt0112471,adult
tt0112508,teen
tt0112571,adult
tt0109445,adult
tt0112883,teen
tt0109635,adult
tt0109686,teen
tt0109707,adult
tt0113303,adult
tt0110057,teen
tt0110005,adult
tt0110066,kid
tt0110148,adult
tt0113463,teen
tt0110216,teen
tt0076759,kid
tt0103994,adult
tt0110322,adult
tt0113691,adult
tt0109836,adult
tt0113808,teen
tt0110638,teen
tt0110632,adult
tt0114069,adult
tt0110413,adult
tt0114113,adult
tt0110912,adult
tt0105652,na
tt0114214,adult
tt0114296,kid
tt0110907,adult
tt0111333,kid
tt0111255,adult
tt0111282,teen
tt0111070,kid
tt0111161,adult
tt0114614,adult
tt0111280,kid
tt0114609,adult
tt0108550,teen
tt0114857,adult
tt0114924,kid
tt0110598,adult
tt0109040,teen
tt0104779,adult
tt0109444,teen
tt0109446,teen
tt0109506,adult
tt0109813,kid
tt0109830,teen
tt0109831,adult
tt0110093,kid
tt0110357,kid
tt0107426,kid
tt0111686,adult
tt0110475,teen
tt0110622,teen
tt0110950,teen
tt0105226,adult
tt0111257,adult
tt0111438,adult
tt0111503,adult
tt0111756,teen
tt0110399,adult
tt0110186,na
tt0111301,teen
tt0110027,teen
tt0113409,adult
tt0106226,kid
tt0109067,kid
tt0109254,adult
tt0106452,adult
tt0106489,adult
tt0106505,teen
tt0106519,adult
tt0106582,adult
tt0109456,adult
tt0106677,adult
tt0106697,adult
tt0106941,kid
tt0106918,adult
tt0106965,kid
tt0106977,teen
tt0107004,teen
tt0107076,adult
tt0107144,teen
tt0107206,adult
tt0107207,adult
tt0107290,teen
tt0107302,adult
tt0110265,adult
tt0107362,teen
tt0107507,kid
tt0107554,adult
tt0116253,adult
tt0107614,teen
tt0110657,kid
tt0110678,adult
tt0107808,adult
tt0107818,teen
tt0107822,adult
tt0107840,adult
tt0110955,adult
tt0107943,kid
tt0110971,teen
tt0107978,teen
tt0107977,teen
tt0107983,adult
tt0108000,adult
tt0108002,kid
tt0108052,adult
tt0111127,adult
tt0111143,teen
tt0108160,kid
tt0108162,adult
tt0083658,adult
tt0108174,teen
tt0108255,kid
tt0111323,adult
tt0111400,teen
tt0107688,kid
tt0108333,kid
tt0108358,adult
tt0108399,adult
tt0110763,kid
tt0099785,kid
tt0099653,teen
tt0103639,kid
tt0103064,adult
tt0099348,teen
tt0096895,teen
tt0102926,adult
tt0029583,kid
tt0101414,kid
tt0032910,na
tt0100405,adult
tt0065214,adult
tt0116282,adult
tt0116514,adult
tt0065421,kid
tt0117381,adult
tt0116414,adult
tt0115956,adult
tt0117060,teen
tt0116136,teen
tt0116683,kid
tt0116269,adult
tt0117705,kid
tt0062711,kid
tt0117104,teen
tt0117420,teen
tt0095776,kid
tt0116322,kid
tt0113362,adult
tt0115963,adult
tt0117260,adult
tt0117500,adult
tt0117998,teen
tt0115571,teen
tt0057012,kid
tt0117331,kid
tt0117765,adult
tt0116669,teen
tt0117951,adult
tt0116629,teen
tt0116277,adult
tt0116583,kid
tt0115798,teen
tt0116778,teen
tt0116213,adult
tt0117218,teen
tt0116040,teen
tt0116365,adult
tt0116905,adult
tt0117333,kid
tt0117628,adult
tt0117913,adult
tt0116320,adult
tt0116707,teen
tt0116313,kid
tt0117438,adult
tt0115857,teen
tt0117008,kid
tt0116191,kid
tt0115986,adult
tt0117826,adult
tt0117718,teen
tt0116225,adult
tt0115632,adult
tt0117918,adult
tt0104109,kid
tt0068646,adult
tt0104558,adult
tt0116985,adult
tt0115736,adult
tt0120004,adult
tt0116654,teen
tt0115783,adult
tt0113253,adult
tt0045152,na
tt0043278,na
tt0054698,na
tt0052357,kid
tt0047396,kid
tt0025316,na
tt0053125,na
tt0053604,na
tt0053291,na
tt0056923,na
tt0034583,kid
tt0033870,na
tt0058385,kid
tt0047437,na
tt0046250,na
tt0032138,na
tt0031381,na
tt0043014,na
tt0033467,kid
tt0062622,kid
tt0042192,na
tt0032143,na
tt0032976,na
tt0038787,na
tt0038109,na
tt0048728,na
tt0031725,na
tt0029843,kid
tt0037008,na
tt0027125,na
tt0049261,kid
tt0048028,kid
tt0025878,na
tt0048960,kid
tt0038650,na
tt0031679,na
tt0063350,na
tt0043265,kid
tt0051459,na
tt0022879,na
tt0117011,adult
tt0117039,adult
tt0116830,adult
tt0117603,adult
tt0115994,adult
tt0116259,adult
tt0115862,adult
tt0046672,kid
tt0106611,kid
tt0042332,kid
tt0057546,na
tt0102798,teen
tt0058331,kid
tt0033563,kid
tt0066817,kid
tt0043274,kid
tt0082406,kid
tt0059742,kid
tt0095016,adult
tt0104692,adult
tt0117589,adult
tt0117791,adult
tt0116908,adult
tt0116409,adult
tt0116404,adult
tt0120107,adult
tt0116722,adult
tt0117509,teen
tt0117802,adult
tt0117665,adult
tt0067992,kid
tt0070707,kid
tt0066808,teen
tt0095159,adult
tt0079470,adult
tt0059243,na
tt0061418,adult
tt0046912,kid
tt0092890,teen
tt0105236,adult
tt0091763,adult
tt0098627,teen
tt0103772,adult
tt0101761,adult
tt0104036,adult
tt0104348,adult
tt0084707,adult
tt0083866,kid
tt0099371,teen
tt0092099,kid
tt0044081,kid
tt0116378,adult
tt0117318,adult
tt0072081,kid
tt0101775,teen
tt0096754,teen
tt0080749,adult
tt0082340,adult
tt0082533,adult
tt0071853,kid
tt0115610,adult
tt0101700,adult
tt0116209,adult
tt0097937,adult
tt0105488,kid
tt0102370,adult
tt0100332,adult
tt0073486,adult
tt0080684,kid
tt0093779,kid
tt0082971,kid
tt0090605,adult
tt0060196,adult
tt0050083,na
tt0056172,kid
tt0066921,adult
tt0056592,na
tt0078788,adult
tt0064116,teen
tt0086190,kid
tt0093191,teen
tt0099685,adult
tt0078748,adult
tt0089881,adult
tt0054215,adult
tt0080455,adult
tt0071562,adult
tt0093058,adult
tt0086879,kid
tt0081398,adult
tt0075686,kid
tt0086197,kid
tt0082096,adult
tt0070735,kid
tt0088247,adult
tt0103873,adult
tt0097441,adult
tt0100150,adult
tt0097165,kid
tt0061722,kid
tt0052311,teen
tt0050212,kid
tt0071315,adult
tt0040897,na
tt0081505,adult
tt0092005,adult
tt0092991,adult
tt0057115,na
tt0077416,adult
tt0107048,kid
tt0105695,adult
tt0056218,teen
tt0088763,kid
tt0101921,teen
tt0066206,kid
tt0094625,adult
tt0091203,adult
tt0061512,kid
tt0072431,kid
tt0102536,adult
tt0032553,na
tt0032455,kid
tt0044706,na
tt0052618,kid
tt0088258,adult
tt0097576,teen
tt0083987,kid
tt0096332,adult
tt0091867,na
tt0084503,adult
tt0087553,adult
tt0049223,kid
tt0064115,kid
tt0087884,adult
tt0098635,adult
tt0103644,adult
tt0082010,adult
tt0056869,teen
tt0103874,adult
tt0103919,adult
tt0101540,adult
tt0074285,adult
tt0087800,adult
tt0075005,adult
tt0117731,teen
tt0117666,adult
tt0116705,kid
tt0117372,kid
tt0117477,adult
tt0115433,kid
tt0099423,adult
tt0079945,na
tt0102975,kid
tt0098382,kid
tt0084726,kid
tt0088170,kid
tt0092007,kid
tt0103776,teen
tt0096487,adult
tt0077631,kid
tt0084021,kid
tt0100114,adult
tt0105690,adult
tt0073195,kid
tt0077766,kid
tt0085750,kid
tt0116996,teen
tt0115906,adult
tt0116695,adult
tt0093822,teen
tt0116999,teen
tt0117571,adult
tt0104691,adult
tt0116250,kid
tt0120390,adult
tt0119664,adult
tt0118928,teen
tt0119937,teen
tt0118548,adult
tt0120434,kid
tt0116922,adult
tt0120036,adult
tt0119008,adult
tt0116743,adult
tt0119951,adult
tt0120053,teen
tt0119528,teen
tt0120094,kid
tt0118972,adult
tt0118829,kid
tt0120389,kid
tt0118623,teen
tt0118615,teen
tt0118655,teen
tt0118771,adult
tt0119116,teen
tt0119578,adult
tt0119567,teen
tt0118880,adult
tt0120179,teen
tt0117724,adult
tt0118688,teen
tt0119282,kid
tt0119738,teen
tt0057345,na
tt0119094,adult
tt0119654,teen
tt0120133,kid
tt0118884,kid
tt0119173,adult
tt0082198,adult
tt0118887,adult
tt0119081,adult
tt0120177,adult
tt0118570,kid
tt0119896,teen
tt0118883,adult
tt0120207,teen
tt0119675,adult
tt0118571,adult
tt0118531,adult
tt0099810,kid
tt0119488,adult
tt0120102,teen
tt0119468,adult
tt0120524,adult
tt0119174,adult
tt0119123,adult
tt0120399,adult
tt0119349,adult
tt0118842,adult
tt0119164,adult
tt0119345,adult
tt0118971,adult
tt0119906,adult
tt0119324,adult
tt0119177,teen
tt0119210,adult
tt0083131,adult
tt0118689,teen
tt0119592,teen
tt0119832,adult
tt0119978,teen
tt0118749,adult
tt0090329,adult
tt0120201,adult
tt0107282,adult
tt0120148,teen
tt0119707,teen
tt0120382,kid
tt0119395,adult
tt0118617,kid
tt0120483,kid
tt0118583,adult
tt0118607,adult
tt0118954,adult
tt0119137,kid
tt0119142,teen
tt0119217,adult
tt0119303,kid
tt0119668,adult
tt0119715,kid
tt0120082,adult
tt0120255,adult
tt0120338,teen
tt0120347,teen
tt0119925,adult
tt0119314,teen
tt0119396,adult
tt0119485,teen
tt0118715,adult
tt0119223,adult
tt0120885,adult
tt0118929,adult
tt0120696,adult
tt0120693,adult
tt0120122,kid
tt0120185,kid
tt0118956,adult
tt0120008,adult
tt0119784,adult
tt0118747,teen
tt0120888,teen
tt0120184,teen
tt0119822,teen
tt0099939,adult
tt0120873,teen
tt0120769,teen
tt0120890,na
tt0124179,adult
tt0120772,adult
tt0120645,kid
tt0120738,teen
tt0120176,kid
tt0120632,teen
tt0124718,adult
tt0120906,adult
tt0118577,adult
tt0117786,teen
tt0120841,adult
tt0120609,adult
tt0120647,teen
tt0120531,adult
tt0120800,kid
tt0120685,teen
tt0118798,adult
tt0120669,adult
tt0120777,adult
tt0120787,adult
tt0120828,teen
tt0127723,teen
tt0118849,kid
tt0120762,kid
tt0120902,teen
tt0118998,teen
tt0120780,adult
tt0118789,adult
tt0120591,teen
tt0122151,adult
tt0122718,teen
tt0138704,adult
tt0129387,adult
tt0019729,na
tt0022958,na
tt0023876,na
tt0026752,na
tt0030993,na
tt0033729,na
tt0035093,na
tt0037884,na
tt0036868,na
tt0039416,na
tt0044672,na
tt0045793,na
tt0047296,na
tt0048356,na
tt0055614,na
tt0057590,na
tt0060665,kid
tt0061811,na
tt0063385,kid
tt0064665,adult
tt0067116,adult
tt0075148,kid
tt0079417,kid
tt0082158,kid
tt0089755,kid
tt0093389,teen
tt0095953,adult
tt0097239,kid
tt0087995,adult
tt0091369,kid
tt0088847,adult
tt0089686,adult
tt0093629,adult
tt0095742,adult
tt0097981,adult
tt0101917,adult
tt0080761,adult
tt0082418,adult
tt0083972,adult
tt0087298,adult
tt0089173,adult
tt0091080,adult
tt0095179,adult
tt0097388,adult
tt0077651,adult
tt0082495,adult
tt0085636,adult
tt0095271,adult
tt0097474,adult
tt0081383,adult
tt0094862,adult
tt0099253,adult
tt0103956,adult
tt0084516,kid
tt0091778,teen
tt0095889,teen
tt0070047,adult
tt0076009,adult
tt0093409,adult
tt0097733,adult
tt0104714,adult
tt0087363,kid
tt0099700,teen
tt0089218,kid
tt0120746,teen
tt0017136,na
tt0096874,kid
tt0099088,kid
tt0069113,kid
tt0034492,na
tt0047478,na
tt0094947,adult
tt0087182,teen
tt0095497,adult
tt0099674,adult
tt0102757,adult
tt0119558,adult
tt0134619,adult
tt0120741,teen
tt0120815,adult
tt0088814,kid
tt0078869,kid
tt0097053,kid
tt0091149,kid
tt0107120,kid
tt0104437,kid
tt0097523,kid
tt0120768,adult
tt0098213,adult
tt0089853,kid
tt0059113,na
tt0096734,kid
tt0090756,adult
tt0061852,na
tt0097757,kid
tt0104868,kid
tt0055254,kid
tt0046183,kid
tt0100477,kid
tt0076618,kid
tt0089908,kid
tt0102803,kid
tt0053285,kid
tt0086336,kid
tt0088161,kid
tt0084827,kid
tt0120694,adult
tt0099697,adult
tt0086066,kid
tt0087469,kid
tt0077869,kid
tt0085407,adult
tt0091499,adult
tt0085382,adult
tt0087050,adult
tt0096787,kid
tt0101272,teen
tt0120631,teen
tt0120832,adult
tt0128214,adult
tt0080388,adult
tt0061184,na
tt0061584,na
tt0078480,kid
tt0084649,kid
tt0083791,kid
tt0090633,kid
tt0089469,kid
tt0088128,kid
tt0080801,kid
tt0118661,teen
tt0120703,adult
tt0063522,adult
tt0088323,kid
tt0100240,kid
tt0119517,adult
tt0120611,adult
tt0094721,kid
tt0040746,kid
tt0074512,kid
tt0068611,adult
tt0065112,kid
tt0061107,kid
tt0058329,kid
tt0051207,na
tt0049470,kid
tt0048750,kid
tt0044079,kid
tt0120577,adult
tt0119346,adult
tt0096446,kid
tt0094226,adult
tt0034248,na
tt0128442,adult
tt0123755,adult
tt0124879,kid
tt0119934,teen
tt0092699,adult
tt0096463,adult
tt0095593,adult
tt0084472,adult
tt0102558,teen
tt0104257,adult
tt0107211,adult
tt0120812,teen
tt0118736,teen
tt0122690,adult
tt0146336,adult
tt0100594,adult
tt0084787,adult
tt0105151,adult
tt0081554,kid
tt0099487,teen
tt0120587,kid
tt0120770,teen
tt0120889,teen
tt0124102,adult
tt0082517,adult
tt0104952,adult
tt0086837,kid
tt0080678,kid
tt0144120,adult
tt0120791,teen
tt0147612,na
tt0120157,adult
tt0118799,teen
tt0100740,adult
tt0120586,adult
tt0120722,adult
tt0120684,adult
tt0133952,adult
tt0120484,teen
tt0127536,adult
tt0130018,adult
tt0119643,teen
tt0089941,adult
tt0091954,adult
tt0120660,adult
tt0134067,kid
tt0120623,kid
tt0140888,adult
tt0069089,na
tt0087344,kid
tt0024216,na
tt0074751,kid
tt0091344,teen
tt0089017,teen
tt0089155,kid
tt0097366,kid
tt0089893,teen
tt0091541,kid
tt0090264,kid
tt0087928,adult
tt0120595,kid
tt0119304,teen
tt0165494,adult
tt0124198,adult
tt0155975,adult
tt0120844,kid
tt0120794,kid
tt0128445,adult
tt0138097,adult
tt0089961,kid
tt0089880,adult
tt0083944,adult
tt0095956,adult
tt0089370,kid
tt0088011,kid
tt0094890,kid
tt0079817,kid
tt0084602,kid
tt0089927,kid
tt0100507,teen
tt0088930,kid
tt0087538,kid
tt0091326,kid
tt0097958,teen
tt0128853,kid
tt0120863,adult
tt0133751,adult
tt0129290,teen
tt0120633,teen
tt0120857,kid
tt0118564,adult
tt0145734,adult
tt0120458,adult
tt0091225,kid
tt0051622,na
tt0091064,adult
tt0090660,teen
tt0072271,adult
tt0092076,na
tt0110978,adult
tt0091605,adult
tt0091738,teen
tt0090555,teen
tt0090863,adult
tt0091187,adult
tt0160862,teen
tt0163984,adult
tt0054167,na
tt0120784,adult
tt0145893,teen
tt0124298,teen
tt0139462,teen
tt0120764,kid
tt0155776,adult
tt0151804,adult
tt0137338,adult
tt0134273,adult
tt0098084,adult
tt0105128,adult
tt0106557,adult
tt0065377,kid
tt0071110,kid
tt0075648,kid
tt0072308,kid
tt0074812,kid
tt0063442,kid
tt0065462,kid
tt0069768,kid
tt0068408,kid
tt0067065,kid
tt0071455,kid
tt0078740,kid
tt0122933,adult
tt0142192,adult
tt0139134,adult
tt0120735,adult
tt0120646,teen
tt0144814,adult
tt0094964,adult
tt0118665,kid
tt0141098,teen
tt0160429,kid
tt0049408,kid
tt0120757,adult
tt0133093,adult
tt0147800,teen
tt0129280,teen
tt0154506,adult
tt0139239,adult
tt0151738,teen
tt0105399,teen
tt0126250,teen
tt0123964,adult
tt0125659,adult
tt0120836,teen
tt0120907,adult
tt0137494,teen
tt0138510,adult
tt0037913,na
tt0087799,teen
tt0099422,kid
tt0120616,teen
tt0118826,adult
tt0138414,na
tt0120915,kid
tt0078346,kid
tt0081573,kid
tt0086393,kid
tt0094074,kid
tt0021814,na
tt0021884,na
tt0073629,adult
tt0084156,kid
tt0046534,kid
tt0125439,teen
tt0139809,adult
tt0164085,adult
tt0145660,teen
tt0120802,adult
tt0120855,kid
tt0144214,adult
tt0122541,teen
tt0130827,adult
tt0142342,teen
tt0119038,teen
tt0099052,teen
tt0120891,teen
tt0163651,adult
tt0158811,kid
tt0185937,adult
tt0120663,adult
tt0139414,adult
tt0161100,adult
tt0087332,kid
tt0097428,kid
tt0157503,teen
tt0171363,teen
tt0162710,adult
tt0149261,adult
tt0132347,teen
tt0163187,kid
tt0054331,teen
tt0056193,na
tt0072684,kid
tt0096378,kid
tt0091129,teen
tt0088939,teen
tt0091613,kid
tt0091530,kid
tt0091419,teen
tt0144168,teen
tt0129167,kid
tt0167404,teen
tt0155267,adult
tt0120620,teen
tt0165710,adult
tt0113965,adult
tt0057449,kid
tt0055304,na
tt0077394,adult
tt0080339,kid
tt0118604,adult
tt0085995,adult
tt0094737,kid
tt0107798,teen
tt0133046,teen
tt0176269,adult
tt0160401,adult
tt0120657,adult
tt0138304,adult
tt0163579,adult
tt0125971,adult
tt0145531,adult
tt0164181,adult
tt0088146,kid
tt0169547,adult
tt0088178,na
tt0181316,teen
tt0080491,na
tt0058182,na
tt0077280,kid
tt0089175,adult
tt0068473,adult
tt0082348,adult
tt0111419,kid
tt0073812,kid
tt0150377,adult
tt0160338,adult
tt0164114,teen
tt0134618,adult
tt0120188,adult
tt0162360,teen
tt0106664,adult
tt0095652,na
tt0079714,adult
tt0086154,adult
tt0156934,adult
tt0171804,adult
tt0165854,adult
tt0086200,adult
tt0100802,adult
tt0091042,teen
tt0086617,kid
tt0068699,adult
tt0061747,na
tt0082979,kid
tt0046126,na
tt0052225,na
tt0085549,adult
tt0061578,na
tt0058150,na
tt0057076,kid
tt0055928,kid
tt0080453,adult
tt0058461,na
tt0119256,adult
tt0104431,kid
tt0094008,adult
tt0017423,na
tt0133117,teen
tt0137523,adult
tt0160916,adult
tt0081633,kid
tt0097123,teen
tt0168501,adult
tt0093870,adult
tt0100502,adult
tt0096438,kid
tt0082398,kid
tt0097742,teen
tt0070328,kid
tt0059800,na
tt0185371,adult
tt0166943,kid
tt0120601,adult
tt0144178,adult
tt0119698,teen
tt0120596,teen
tt0145681,adult
tt0140352,adult
tt0083767,adult
tt0092796,adult
tt0089885,na
tt0097240,adult
tt0106856,adult
tt0018183,na
tt0082817,adult
tt0094012,kid
tt0070608,kid
tt0082484,adult
tt0065988,kid
tt0086465,adult
tt0083254,kid
tt0149691,teen
tt0120655,adult
tt0151137,adult
tt0190641,kid
tt0056197,kid
tt0066473,kid
tt0095675,adult
tt0084855,adult
tt0162661,adult
tt0143145,teen
tt0185125,adult
tt0040522,na
tt0093509,teen
tt0087781,kid
tt0093010,adult
tt0100680,teen
tt0095631,adult
tt0101393,adult
tt0101889,adult
tt0088007,teen
tt0146675,adult
tt0120363,kid
tt0134154,adult
tt0161023,teen
tt0172396,adult
tt0099165,adult
tt0100828,adult
tt0205000,adult
tt0120689,adult
tt0124315,teen
tt0067328,adult
tt0182789,kid
tt0164912,kid
tt0120910,kid
tt0175880,adult
tt0119079,adult
tt0174204,adult
tt0146838,adult
tt0125664,adult
tt0177789,kid
tt0134119,adult
tt0195945,adult
tt0174856,adult
tt0145653,adult
tt0196857,adult
tt0134983,teen
tt0169302,na
tt0070511,adult
tt0097162,adult
tt0083929,adult
tt0094924,teen
tt0106364,kid
tt0102687,adult
tt0141399,adult
tt0104797,teen
tt0105417,kid
tt0108147,kid
tt0104389,adult
tt0106246,adult
tt0105323,adult
tt0105793,teen
tt0104694,kid
tt0105112,adult
tt0103855,adult
tt0104070,teen
tt0104231,teen
tt0105665,adult
tt0103893,teen
tt0104815,adult
tt0103759,na
tt0134084,adult
tt0105414,adult
tt0144117,adult
tt0171356,adult
tt0163978,adult
tt0220099,kid
tt0217107,adult
tt0181984,adult
tt0162983,teen
tt0134847,adult
tt0190138,adult
tt0021749,kid
tt0012349,na
tt0184858,adult
tt0199290,adult
tt0186045,teen
tt0156841,teen
tt0218043,adult
tt0086969,adult
tt0056875,na
tt0183523,kid
tt0142688,adult
tt0078902,kid
tt0091217,kid
tt0094812,adult
tt0072890,adult
tt0069704,kid
tt0102138,adult
tt0092666,teen
tt0093596,kid
tt0046435,na
tt0195685,adult
tt0195714,adult
tt0103074,adult
tt0077975,adult
tt0097216,adult
tt0100168,adult
tt0102175,adult
tt0071402,adult
tt0082250,adult
tt0089003,adult
tt0109578,adult
tt0036775,na
tt0101615,kid
tt0100758,kid
tt0103060,kid
tt0108308,kid
tt0087985,teen
tt0090693,adult
tt0092675,adult
tt0077530,adult
tt0093105,adult
tt0061735,na
tt0165929,adult
tt0202402,teen
tt0127349,adult
tt0027977,kid
tt0057163,na
tt0054997,na
tt0075860,kid
tt0099871,adult
tt0093378,teen
tt0089457,teen
tt0091445,teen
tt0146882,adult
tt0138749,kid
tt0192614,teen
tt0061619,na
tt0102057,kid
tt0077928,adult
tt0100157,adult
tt0104928,adult
tt0089643,teen
tt0074958,adult
tt0093640,adult
tt0075029,kid
tt0165643,adult
tt0186151,teen
tt0217756,teen
tt0122459,kid
tt0160797,adult
tt0077572,kid
tt0082031,kid
tt0086927,adult
tt0093773,adult
tt0102713,adult
tt0144084,adult
tt0171433,teen
tt0166175,adult
tt0074860,adult
tt0080487,adult
tt0176783,adult
tt0199725,teen
tt0141926,teen
tt0159097,adult
tt0104549,adult
tt0158622,kid
tt0198021,teen
tt0189584,adult
tt0154421,adult
tt0106521,adult
tt0172495,adult
tt0188674,adult
tt0071772,kid
tt0185183,teen
tt0210616,teen
tt0171359,adult
tt0089791,kid
tt0130623,kid
tt0215129,adult
tt0080881,adult
tt0119746,adult
tt0120755,teen
tt0184894,teen
tt0015864,na
tt0064757,kid
tt0076752,kid
tt0079574,kid
tt0071807,kid
tt0208003,teen
tt0080365,adult
tt0054953,na
tt0105466,kid
tt0071230,adult
tt0074486,na
tt0059578,adult
tt0099582,adult
tt0084522,adult
tt0086129,adult
tt0089826,adult
tt0100403,adult
tt0093894,adult
tt0088172,kid
tt0094631,adult
tt0079501,adult
tt0082694,adult
tt0089530,teen
tt0092563,adult
tt0091635,adult
tt0087262,adult
tt0094612,adult
tt0187078,teen
tt0182295,kid
tt0067741,adult
tt0071360,kid
tt0077588,adult
tt0070666,adult
tt0043338,na
tt0072226,kid
tt0090728,teen
tt0204175,teen
tt0162650,adult
tt0120913,kid
tt0188030,adult
tt0120630,kid
tt0183505,adult
tt0187393,adult
tt0131704,kid
tt0177971,teen
tt0087727,adult
tt0089604,adult
tt0099800,adult
tt0070679,adult
tt0069257,adult
tt0219854,kid
tt0175142,adult
tt0179116,adult
tt0087277,kid
tt0038499,na
tt0120903,teen
tt0163676,teen
tt0161081,teen
tt0210234,kid
tt0076716,kid
tt0103241,kid
tt0068555,adult
tt0073312,kid
tt0144528,teen
tt0200550,teen
tt0164052,adult
tt0186566,teen
tt0195234,adult
tt0106627,adult
tt0065938,kid
tt0095863,adult
tt0095925,adult
tt0111187,adult
tt0209958,adult
tt0188640,na
tt0095705,teen
tt0102510,teen
tt0046303,na
tt0088206,kid
tt0160009,adult
tt0204946,teen
tt0144964,adult
tt0202677,adult
tt0181875,adult
tt0164212,adult
tt0192731,adult
tt0168629,adult
tt0222850,adult
tt0210945,kid
tt0093177,adult
tt0095294,adult
tt0104409,adult
tt0055608,na
tt0060397,na
tt0208988,adult
tt0212338,teen
tt0180093,na
tt0213790,adult
tt0089200,teen
tt0249462,adult
tt0230030,teen
tt0223897,teen
tt0192255,kid
tt0160127,teen
tt0146984,teen
tt0203019,adult
tt0199753,teen
tt0066995,kid
tt0216216,teen
tt0186894,teen
tt0170016,kid
tt0213203,kid
tt0211181,kid
tt0180073,adult
tt0217869,teen
tt0190332,teen
tt0190374,teen
tt0190865,teen
tt0086993,kid
tt0093428,kid
tt0092106,kid
tt0094291,adult
tt0096969,adult
tt0096219,adult
tt0088850,kid
tt0208092,adult
tt0095927,adult
tt0241303,teen
tt0242423,teen
tt0120917,kid
tt0183659,adult
tt0207201,teen
tt0181536,teen
tt0219699,adult
tt0162222,teen
tt0200720,kid
tt0212346,teen
tt0190590,teen
tt0219653,adult
tt0146309,teen
tt0181865,adult
tt0189998,adult
tt0083564,kid
tt0101757,teen
tt0053580,na
tt0090670,adult
tt0218817,teen
tt0206275,teen
tt0194218,adult
tt0237572,adult
tt0186589,teen
tt0209475,teen
tt0092618,adult
tt0092644,adult
tt0086960,adult
tt0092718,teen
tt0092746,teen
tt0092965,kid
tt0092974,kid
tt0083907,na
tt0093278,teen
tt0093300,teen
tt0093407,adult
tt0093437,adult
tt0093493,kid
tt0093507,kid
tt0093560,teen
tt0192111,teen
tt0212985,adult
tt0239948,teen
tt0265632,kid
tt0230838,teen
tt0166276,teen
tt0233142,adult
tt0236493,adult
tt0244504,teen
tt0179626,adult
tt0059245,na
tt0053793,na
tt0080421,kid
tt0099385,adult
tt0101764,adult
tt0102005,adult
tt0085868,adult
tt0100140,teen
tt0091474,adult
tt0077413,kid
tt0071771,adult
tt0087015,adult
tt0215750,adult
tt0242445,adult
tt0209144,adult
tt0227538,kid
tt0246989,adult
tt0236784,adult
tt0245712,adult
tt0164334,adult
tt0221027,adult
tt0235679,kid
tt0268200,teen
tt0243155,adult
tt0245686,teen
tt0231402,kid
tt0086250,adult
tt0132245,teen
tt0141907,adult
tt0209163,teen
tt0056937,kid
tt0085811,kid
tt0084917,adult
tt0107130,kid
tt0101902,adult
tt0066011,kid
tt0183790,teen
tt0225071,adult
tt0126029,kid
tt0203009,teen
tt0213149,teen
tt0100395,adult
tt0101587,teen
tt0095647,adult
tt0054047,na
tt0094142,teen
tt0060934,na
tt0255798,teen
tt0251075,teen
tt0244244,adult
tt0065528,adult
tt0102685,adult
tt0105699,adult
tt0051885,na
tt0084805,kid
tt0230011,kid
tt0146316,teen
tt0240462,kid
tt0232500,teen
tt0212720,teen
tt0255819,adult
tt0250224,teen
tt0239395,kid
tt0271027,adult
tt0257106,adult
tt0082136,kid
tt0057007,na
tt0053925,na
tt0056217,na
tt0105378,teen
tt0055184,na
tt0049513,na
tt0089461,teen
tt0082869,adult
tt0068935,adult
tt0173840,teen
tt0250494,teen
tt0227445,adult
tt0227005,adult
tt0094602,adult
tt0096764,kid
tt0094667,adult
tt0094701,adult
tt0094746,teen
tt0094761,adult
tt0094783,adult
tt2018086,na
tt0094889,adult
tt0094894,adult
tt0094898,adult
tt0090887,teen
tt0094919,teen
tt0095107,kid
tt0095174,adult
tt0095253,kid
tt0095326,kid
tt0095488,adult
tt0095489,kid
tt0095519,teen
tt0095687,teen
tt0095774,adult
tt0095853,teen
tt0095963,adult
tt0095990,adult
tt0089907,adult
tt0084296,kid
tt0096071,adult
tt0096193,adult
tt0096256,adult
tt0096320,kid
tt0096794,kid
tt0088708,adult
tt0096926,teen
tt0096928,kid
tt0096933,adult
tt0097027,adult
tt0097138,adult
tt0097142,kid
tt0097257,kid
tt0097334,teen
tt0097481,adult
tt0097626,adult
tt0097637,teen
tt0097659,adult
tt0097737,adult
tt0097758,kid
tt0097770,adult
tt0097778,teen
tt0097815,adult
tt0097889,adult
tt0097967,adult
tt0097987,teen
tt0098180,adult
tt0163025,teen
tt0222851,adult
tt0133152,teen
tt0123948,na
tt0261755,adult
tt0243655,adult
tt0098206,adult
tt0098273,adult
tt0098282,adult
tt0098320,adult
tt0098439,adult
tt0098471,teen
tt0098554,kid
tt0098577,adult
tt0098663,kid
tt0087089,adult
tt0218922,adult
tt0247638,kid
tt0266915,teen
tt0064782,na
tt0080360,adult
tt0252866,adult
tt0181739,kid
tt0244000,teen
tt0261983,adult
tt0238112,adult
tt0250687,teen
tt0261392,adult
tt0228333,adult
tt0234829,teen
tt0263488,adult
tt0092147,adult
tt0246544,teen
tt0202470,adult
tt0242587,na
tt0221218,teen
tt0180734,teen
tt0246464,teen
tt0118589,teen
tt0139654,adult
tt0239986,adult
tt0057193,kid
tt0067588,adult
tt0055312,na
tt0091993,kid
tt0260866,adult
tt0252501,teen
tt0196229,adult
tt0206314,adult
tt0273799,kid
tt0240890,teen
tt0080437,adult
tt0080549,kid
tt0219965,teen
tt0250310,teen
tt0166924,adult
tt0166110,adult
tt0066999,adult
tt0067093,kid
tt0120681,adult
tt0272020,adult
tt0200027,teen
tt0272152,teen
tt0246578,adult
tt0249478,teen
tt0198781,kid
tt0267804,teen
tt0275719,adult
tt0256380,teen
tt0290332,adult
tt0241527,kid
tt0234354,adult
tt0253798,teen
tt0266987,adult
tt0256009,adult
tt0062994,kid
tt0090095,adult
tt0076299,kid
tt0080661,adult
tt0080745,kid
tt0074483,adult
tt0076070,adult
tt0085862,kid
tt0086383,adult
tt0159273,teen
tt0240772,teen
tt0211915,adult
tt0277371,adult
tt0259711,adult
tt0265666,adult
tt0088103,kid
tt0084684,adult
tt0086346,kid
tt0278488,adult
tt0268397,kid
tt0120737,teen
tt0268995,kid
tt0268978,teen
tt0051201,na
tt0248667,adult
tt0265086,adult
tt0086619,kid
tt0280707,adult
tt0277027,teen
tt0285742,adult
tt0117653,adult
tt0237534,adult
tt0099044,adult
tt0082288,kid
tt0087078,kid
tt0085542,kid
tt0080771,adult
tt0083511,adult
tt0085271,kid
tt0106770,teen
tt0066026,adult
tt0055257,na
tt0245844,teen
tt0265349,teen
tt0281358,kid
tt0294289,adult
tt0293416,teen
tt0097116,teen
tt0240900,adult
tt0082525,kid
tt0265298,kid
tt0233469,adult
tt0109190,kid
tt0085891,adult
tt0275022,teen
tt0251114,adult
tt0251160,teen
tt0280030,kid
tt0247745,adult
tt0107034,adult
tt0081698,adult
tt0259288,teen
tt0238546,adult
tt0074174,kid
tt0277434,adult
tt0110146,adult
tt0108395,kid
tt0038057,na
tt0278295,adult
tt0268695,teen
tt0290212,adult
tt0080855,adult
tt0081071,adult
tt0268380,kid
tt0120804,adult
tt0284490,teen
tt0264761,adult
tt0245574,adult
tt0105459,adult
tt0083169,kid
tt0187738,adult
tt0157472,kid
tt0258000,adult
tt0265662,kid
tt0254686,adult
tt0257756,teen
tt0283111,adult
tt0042876,na
tt0264472,adult
tt0264616,adult
tt0253867,adult
tt0266391,teen
tt0219822,adult
tt0259446,kid
tt0072737,kid
tt0264935,adult
tt0277296,teen
tt0211443,adult
tt0282687,teen
tt0235737,adult
tt0120467,adult
tt0101701,kid
tt0065916,adult
tt0088256,adult
tt0145487,teen
tt0102753,adult
tt0103247,kid
tt0250797,adult
tt0091578,adult
tt0276751,teen
tt0121765,kid
tt0247199,adult
tt0077523,kid
tt0278435,teen
tt0278504,adult
tt0166813,kid
tt0164184,teen
tt0279493,teen
tt0105219,adult
tt0280486,teen
tt0285441,adult
tt0258463,teen
tt0267913,kid
tt0245562,adult
tt0061770,na
tt0091472,teen
tt0041866,na
tt0275847,kid
tt0181689,teen
tt0280590,teen
tt0258273,adult
tt0120912,teen
tt0289408,kid
tt0253556,teen
tt0257044,adult
tt0089798,adult
tt0068837,kid
tt0220506,adult
tt0267626,teen
tt0243585,kid
tt0295178,teen
tt0303353,adult
tt0303243,kid
tt0271219,teen
tt0088286,kid
tt0286106,teen
tt0287717,kid
tt0279113,adult
tt0309377,adult
tt0295701,teen
tt0327036,adult
tt0180052,teen
tt0300532,teen
tt0255589,na
tt0256276,teen
tt0265459,adult
tt0261289,teen
tt0281322,adult
tt0082186,kid
tt0102059,teen
tt0109368,teen
tt0090966,adult
tt0049452,na
tt0083336,adult
tt0295254,adult
tt0269095,adult
tt0283026,teen
tt0303714,teen
tt0293662,teen
tt0280760,adult
tt0103924,teen
tt0077681,adult
tt0100666,kid
tt0308208,adult
tt0240510,teen
tt0280380,adult
tt0274812,adult
tt0245429,kid
tt0256415,teen
tt0179098,teen
tt0289765,adult
tt0095895,kid
tt0098575,adult
tt0103977,na
tt0297037,teen
tt0211465,adult
tt0283084,kid
tt0310793,adult
tt0272338,adult
tt0291502,adult
tt0267248,teen
tt0227984,adult
tt0298130,teen
tt0298744,adult
tt0145937,kid
tt0107254,adult
tt0076666,kid
tt0086361,kid
tt0081747,kid
tt0081777,kid
tt0081974,kid
tt0082005,adult
tt0082085,adult
tt0082242,adult
tt0082432,kid
tt0082464,adult
tt0082497,adult
tt0082507,kid
tt0082648,kid
tt0082801,adult
tt0082894,adult
tt0082948,adult
tt0288477,adult
tt0322802,adult
tt0252223,teen
tt0120679,adult
tt0061452,na
tt0053804,na
tt0297181,teen
tt0304669,kid
tt0210382,adult
tt0280665,adult
tt0298203,adult
tt0297884,teen
tt0295297,kid
tt0263734,adult
tt0102782,teen
tt0083000,kid
tt0081455,adult
tt0083113,kid
tt0083193,kid
tt0246460,teen
tt0293815,adult
tt0258068,adult
tt0287467,adult
tt0283160,teen
tt0307479,adult
tt0133240,kid
tt0084749,adult
tt0058777,na
tt0289848,adult
tt0262396,adult
tt0268126,adult
tt0238380,adult
tt0083284,kid
tt0083542,adult
tt0083642,adult
tt0083745,kid
tt0303933,teen
tt0252076,teen
tt0253754,teen
tt0257360,adult
tt0167261,teen
tt0307901,adult
tt0168786,teen
tt0217505,adult
tt0313737,teen
tt0272207,adult
tt0106453,na
tt0050629,na
tt0120042,na
tt0049934,na
tt0264464,teen
tt0255477,kid
tt0299658,teen
tt0274558,teen
tt0253474,adult
tt0270288,adult
tt0305711,teen
tt0295289,teen
tt0317248,adult
tt0057869,na
tt0326769,teen
tt0309593,adult
tt0303361,adult
tt0083943,kid
tt0251127,teen
tt0300471,teen
tt0287978,teen
tt0283426,kid
tt0106701,kid
tt0085121,adult
tt0078872,kid
tt0061523,kid
tt0059573,na
tt0093771,adult
tt0279331,adult
tt0279111,teen
tt0289992,adult
tt0302886,adult
tt0306685,adult
tt0305669,teen
tt0314353,adult
tt0286499,teen
tt0269347,adult
tt0055047,na
tt0178868,na
tt0218553,na
tt0065054,kid
tt0285462,adult
tt0285531,adult
tt0046247,na
tt0105824,teen
tt0264395,adult
tt0298814,teen
tt0316188,adult
tt0266465,adult
tt0183649,adult
tt0304328,adult
tt0305224,adult
tt0297144,kid
tt0251736,adult
tt0310281,teen
tt0301727,kid
tt0067800,adult
tt0066769,kid
tt0250371,kid
tt0078504,kid
tt0102411,adult
tt0102849,adult
tt0309698,adult
tt0332605,adult
tt0306841,kid
tt0290334,teen
tt0290145,adult
tt0317303,kid
tt0234215,adult
tt0309530,teen
tt0283900,adult
tt0315327,teen
tt0266543,kid
tt0317740,teen
tt0295700,adult
tt0322259,teen
tt0298228,teen
tt0102603,kid
tt0101410,adult
tt0102900,adult
tt0329028,teen
tt0339034,kid
tt0329717,teen
tt0318283,teen
tt0289043,adult
tt0305357,teen
tt0106447,adult
tt0054198,na
tt0045125,na
tt0286716,teen
tt0333780,teen
tt0165982,kid
tt0181852,adult
tt0324133,adult
tt0325980,teen
tt0311429,teen
tt0172156,adult
tt0274166,kid
tt0100053,adult
tt0325703,teen
tt0329575,teen
tt0338459,kid
tt0319769,adult
tt0055256,na
tt0066249,teen
tt0328828,adult
tt0299930,adult
tt0322330,kid
tt0257076,teen
tt0329101,adult
tt0316356,adult
tt0263757,teen
tt0313911,kid
tt0045888,kid
tt0107504,adult
tt0086525,adult
tt0062467,na
tt0102915,adult
tt0066434,adult
tt0062430,teen
tt0085780,adult
tt0045546,na
tt0100814,teen
tt0075066,kid
tt0088944,adult
tt0266747,adult
tt0301470,adult
tt0304711,adult
tt0320244,adult
tt0303816,adult
tt0325805,teen
tt0285823,adult
tt0335266,adult
tt0077369,kid
tt0088993,na
tt0064418,kid
tt0104850,teen
tt0079826,adult
tt0089730,teen
tt0191133,teen
tt0320691,adult
tt0266489,teen
tt0327850,teen
tt0328589,teen
tt0330602,adult
tt0286244,teen
tt0086541,adult
tt0169102,kid
tt0055031,na
tt0078199,kid
tt0074119,kid
tt0267287,adult
tt0106375,kid
tt0101507,adult
tt0101516,adult
tt0104006,adult
tt0065207,kid
tt0102945,adult
tt0110759,teen
tt0100514,adult
tt0087062,kid
tt0089346,adult
tt0102749,adult
tt0079576,kid
tt0104376,teen
tt0101371,adult
tt0094169,adult
tt0108320,adult
tt0076271,kid
tt0061809,adult
tt0102460,adult
tt0313443,adult
tt0332379,teen
tt0340377,adult
tt0335563,adult
tt0327056,adult
tt0317676,adult
tt0138524,teen
tt0266697,adult
tt0313542,teen
tt0324216,adult
tt0325055,adult
tt0312549,adult
tt0199626,adult
tt0316465,kid
tt0306047,teen
tt0363589,adult
tt0323944,teen
tt0242653,adult
tt0319343,kid
tt0314331,adult
tt0318155,kid
tt0311113,teen
tt0343121,adult
tt0348836,adult
tt0315733,adult
tt0338135,adult
tt0307987,adult
tt0338094,kid
tt0300556,teen
tt0099365,adult
tt0102526,adult
tt0086567,kid
tt0016641,na
tt0091167,teen
tt0102034,adult
tt0102070,adult
tt0077745,kid
tt0099938,teen
tt0102266,adult
tt0070849,na
tt0100201,teen
tt0093692,kid
tt0105104,adult
tt0100404,adult
tt0093793,kid
tt0102729,kid
tt0266308,na
tt0107156,adult
tt0105211,teen
tt0093936,teen
tt0088194,kid
tt0056663,na
tt0100935,adult
tt0090350,adult
tt0027948,na
tt0028333,na
tt0055798,na
tt0004972,na
tt0040724,na
tt0031971,na
tt0062765,na
tt0024034,na
tt0024166,na
tt0087892,kid
tt0299977,teen
tt0026071,na
tt0087544,kid
tt0092925,teen
tt0078723,kid
tt0107387,adult
tt0102818,adult
tt0322589,teen
tt0325710,adult
tt0319061,teen
tt0337741,teen
tt0338466,teen
tt0167260,teen
tt0337909,teen
tt0315983,adult
tt0340855,adult
tt0349205,kid
tt0159365,adult
tt0338337,teen
tt0316396,kid
tt0335013,teen
tt0360139,teen
tt0343135,teen
tt0329691,teen
tt0071577,kid
tt0109376,teen
tt0107750,teen
tt0098987,adult
tt0093737,teen
tt0104009,teen
tt0107594,adult
tt0289879,adult
tt0335559,teen
tt0315824,teen
tt0345551,na
tt0337579,teen
tt0337917,kid
tt0349825,kid
tt0309987,na
tt0073282,kid
tt0328538,adult
tt0013140,na
tt0086955,adult
tt0343660,teen
tt0361925,teen
tt0067927,kid
tt0015400,na
tt0089421,teen
tt0091828,adult
tt0312329,teen
tt0361467,kid
tt0356150,adult
tt0335345,na
tt0331953,adult
tt0338096,teen
tt0315297,adult
tt0301357,adult
tt0317648,teen
tt0335438,teen
tt0358349,kid
tt0265208,adult
tt0363988,teen
tt0360009,adult
tt0109447,kid
tt0118172,kid
tt0363547,adult
tt0338013,adult
tt0364045,adult
tt0332658,adult
tt0300051,teen
tt0354766,adult
tt0276919,adult
tt0167190,teen
tt0299172,kid
tt0351977,teen
tt0359517,teen
tt0318974,teen
tt0327679,kid
tt0327247,teen
tt0049833,kid
tt0077402,na
tt0059797,kid
tt0088680,adult
tt0345074,teen
tt0378194,adult
tt0330793,adult
tt0289635,na
tt0337563,teen
tt0328107,adult
tt0335121,teen
tt0323033,teen
tt0377092,teen
tt0277895,kid
tt0338526,teen
tt0339419,adult
tt0332452,adult
tt0160184,adult
tt0089092,teen
tt0070034,adult
tt0062512,na
tt0086034,kid
tt0086006,kid
tt0089015,adult
tt0086984,adult
tt0056241,na
tt0105217,adult
tt0105017,teen
tt0078966,kid
tt0034587,na
tt0079227,kid
tt0110725,adult
tt0155713,teen
tt0089114,kid
tt0080120,adult
tt0066549,kid
tt0066580,adult
tt0070518,adult
tt0065446,adult
tt0102116,adult
tt0058404,na
tt0100260,adult
tt0209077,na
tt0075784,kid
tt0087003,kid
tt0091083,adult
tt0120199,teen
tt0095756,adult
tt0072856,adult
tt0068638,kid
tt0070379,adult
tt0060490,na
tt0285728,adult
tt0102631,teen
tt0047849,na
tt0062794,kid
tt0065466,na
tt0101373,adult
tt0100258,adult
tt0024481,na
tt0087957,adult
tt0068421,kid
tt0046816,na
tt0079116,kid
tt0298148,kid
tt0319262,teen
tt0350028,teen
tt0367085,adult
tt0323298,adult
tt0304141,kid
tt0297284,adult
tt0296572,na
tt0356634,kid
tt0327162,teen
tt0374900,kid
tt0103976,teen
tt0101746,teen
tt0034746,na
tt0063642,kid
tt0066090,na
tt0100129,adult
tt0041841,na
tt0390521,kid
tt0061420,kid
tt0091209,adult
tt0044030,na
tt0327437,kid
tt0364725,na
tt0362227,teen
tt0381707,teen
tt0332280,teen
tt0338512,kid
tt0064100,adult
tt0110944,adult
tt0104573,adult
tt0295721,na
tt0093693,kid
tt0361596,adult
tt0114371,adult
tt0073092,kid
tt0087597,kid
tt0316654,teen
tt0381681,adult
tt0349683,na
tt0357413,teen
tt0356470,kid
tt0343818,teen
tt0056085,kid
tt0372183,teen
tt0327554,teen
tt0359423,adult
tt0075268,adult
tt0063592,na
tt0093744,kid
tt0103007,adult
tt0055572,na
tt0368008,adult
tt0167456,kid
tt0368447,teen
tt0333766,adult
tt0369339,adult
tt0361841,teen
tt0366551,adult
tt0368933,kid
tt0370263,teen
tt0403703,kid
tt0361309,adult
tt0364751,teen
tt0204313,adult
tt0366174,teen
tt0324127,adult
tt0241025,teen
tt0380277,teen
tt0338325,teen
tt0324554,teen
tt0093624,adult
tt0337921,teen
tt0318627,adult
tt0339412,teen
tt0346156,kid
tt0360201,teen
tt0356618,teen
tt0365125,na
tt0365748,adult
tt0029852,na
tt0076504,kid
tt0103594,teen
tt0307453,kid
tt0349710,teen
tt0361696,kid
tt0316732,teen
tt0390384,teen
tt0358135,teen
tt0372588,adult
tt0074279,kid
tt0390022,teen
tt0390538,na
tt0252028,teen
tt0391198,na
tt0375173,adult
tt0375063,adult
tt0361862,adult
tt0387564,na
tt0350258,teen
tt0317705,kid
tt0338348,kid
tt0387575,adult
tt0367479,teen
tt0317198,adult
tt0308644,kid
tt0420332,na
tt0368891,kid
tt0275491,na
tt0345950,kid
tt0346491,adult
tt0376541,adult
tt0349903,teen
tt0359013,adult
tt0053644,na
tt0053716,na
tt0339727,adult
tt0106912,teen
tt0005078,na
tt0015624,na
tt0024548,na
tt0026529,na
tt0032273,na
tt0035959,na
tt0040064,na
tt0040369,na
tt0040694,na
tt0042200,na
tt0053131,na
tt0055946,na
tt0056264,na
tt0058946,na
tt0059127,na
tt0059418,na
tt0059825,na
tt0061955,na
tt0062138,na
tt0066601,adult
tt0067810,adult
tt0072973,adult
tt0075223,kid
tt0076141,kid
tt0076740,kid
tt0079336,kid
tt0082892,na
tt0085255,adult
tt0086216,adult
tt0086491,kid
tt0087968,kid
tt0088821,adult
tt0089603,adult
tt0090856,teen
tt0091981,teen
tt0093777,adult
tt0095904,adult
tt0097814,kid
tt0099329,teen
tt0099611,adult
tt0099739,adult
tt0099747,adult
tt0100029,adult
tt0101597,adult
tt0101786,teen
tt0102395,kid
tt0102614,adult
tt0104107,adult
tt0106950,adult
tt0107277,teen
tt0107819,teen
tt0120604,adult
tt0145394,na
tt0164538,na
tt0172684,na
tt0212712,adult
tt0271946,teen
tt0292490,na
tt0310775,adult
tt0318081,teen
tt0339291,kid
tt0349260,adult
tt0351817,na
tt0356614,adult
tt0364569,adult
tt0366627,adult
tt0369702,teen
tt0371246,teen
tt0373926,teen
tt0374102,adult
tt0375912,adult
tt0377062,teen
tt0377091,adult
tt0377109,teen
tt0377992,teen
tt0381936,na
tt0384533,adult
tt0388789,adult
tt0389326,teen
tt0405296,adult
tt0405821,na
tt0405159,teen
tt0395169,teen
tt0367594,kid
tt0362270,adult
tt0338751,teen
tt0293508,teen
tt0290002,teen
tt0375210,teen
tt0086429,kid
tt0020960,na
tt0104804,teen
tt0034167,na
tt0076929,kid
tt0401233,adult
tt0357277,teen
tt0376105,kid
tt0393162,teen
tt0075265,adult
tt0101412,teen
tt0109402,teen
tt0363163,adult
tt0398712,adult
tt0368578,kid
tt0369226,adult
tt0382077,adult
tt0357507,teen
tt0372532,teen
tt0106761,teen
tt0347149,kid
tt0361322,adult
tt0386588,teen
tt0418753,na
tt0360486,adult
tt0317132,kid
tt0403358,adult
tt0041838,na
tt0373074,adult
tt0257516,na
tt0395699,kid
tt0377471,teen
tt0340163,adult
tt0358082,kid
tt0106464,teen
tt0107745,kid
tt0063035,kid
tt0396652,kid
tt0372237,teen
tt0399901,adult
tt0096409,adult
tt0357110,adult
tt0401792,adult
tt0388500,adult
tt0318649,teen
tt0332047,teen
tt0088001,kid
tt0060491,na
tt0037465,na
tt0371724,kid
tt0384806,adult
tt0384369,na
tt0079180,kid
tt0391304,teen
tt0329774,teen
tt0320661,adult
tt0397065,adult
tt0375679,adult
tt0028216,na
tt0342258,adult
tt0121766,teen
tt0384642,kid
tt0369735,teen
tt0411705,na
tt0351283,kid
tt0106233,kid
tt0449086,adult
tt0398165,teen
tt0119709,adult
tt0352248,teen
tt0403508,kid
tt0355702,teen
tt0356910,teen
tt0424774,kid
tt0388139,adult
tt0043949,na
tt0372784,teen
tt0400497,kid
tt0418819,adult
tt0374536,teen
tt0049778,na
tt0078444,adult
tt0407304,teen
tt0428803,kid
tt0376108,kid
tt0382628,teen
tt0120667,teen
tt0436613,adult
tt0396269,adult
tt0409184,na
tt0410097,adult
tt0099740,adult
tt0399201,teen
tt0408524,teen
tt0405325,kid
tt0382992,teen
tt0417001,teen
tt0379786,teen
tt0412019,adult
tt0368774,adult
tt0290747,adult
tt0377818,teen
tt0367652,adult
tt0397101,teen
tt0430105,adult
tt0326905,adult
tt0405422,adult
tt0421239,teen
tt0112870,na
tt0361089,kid
tt0355295,teen
tt0402901,teen
tt0434424,teen
tt0387131,adult
tt0388482,teen
tt0425123,teen
tt0377107,teen
tt0399295,adult
tt0384286,na
tt0404030,teen
tt0419706,adult
tt0421054,adult
tt0348333,adult
tt0402022,teen
tt0350261,teen
tt0404032,na
tt0408790,teen
tt0121164,kid
tt0399146,adult
tt0380599,teen
tt0388980,kid
tt0379725,adult
tt0378109,teen
tt0366780,kid
tt0312004,kid
tt0373469,adult
tt0380389,teen
tt0092240,adult
tt0056800,na
tt0367089,adult
tt0417217,adult
tt0388795,adult
tt0368709,teen
tt0395972,adult
tt0433383,kid
tt0421238,adult
tt0432291,teen
tt0338427,adult
tt0371257,adult
tt0386140,kid
tt0384680,adult
tt0432348,adult
tt0402158,adult
tt0342735,na
tt0075909,kid
tt0418763,adult
tt0371606,kid
tt0424205,adult
tt0430308,adult
tt0365737,adult
tt0398017,adult
tt0414387,kid
tt0416315,adult
tt0330373,teen
tt0358273,teen
tt0294870,teen
tt0406375,kid
tt0387059,teen
tt0443295,kid
tt0416320,adult
tt0363771,kid
tt0360717,teen
tt0397535,teen
tt0247303,adult
tt0365485,adult
tt0392465,teen
tt0419294,adult
tt0408306,adult
tt0395251,teen
tt0407265,adult
tt0398375,teen
tt0452598,kid
tt0369441,teen
tt0444653,adult
tt0402399,teen
tt0414852,adult
tt0383222,adult
tt0450278,adult
tt0375154,teen
tt0408985,teen
tt0443536,kid
tt0401855,adult
tt0437447,kid
tt0089913,teen
tt0416496,teen
tt0417433,teen
tt0421729,teen
tt0396752,kid
tt0414982,adult
tt0425598,adult
tt0092115,teen
tt0381971,kid
tt0408345,teen
tt0455857,teen
tt0401815,adult
tt0349467,adult
tt0380817,adult
tt0397313,kid
tt0466342,na
tt0404390,adult
tt0455612,teen
tt0370032,teen
tt0397078,teen
tt0454919,teen
tt0450232,teen
tt0427229,teen
tt0438097,kid
tt0434409,adult
tt0454945,teen
tt0427944,adult
tt0419749,adult
tt0454848,adult
tt0468565,adult
tt0429591,kid
tt0110329,adult
tt0458242,na
tt0454841,adult
tt0393735,kid
tt0108187,kid
tt0405094,adult
tt0446046,teen
tt0425210,adult
tt0441909,adult
tt0437800,kid
tt0441796,teen
tt0430912,adult
tt0393109,adult
tt0466856,teen
tt0386741,adult
tt0436331,adult
tt0362120,teen
tt0424136,adult
tt0093743,kid
tt0443632,teen
tt0405469,kid
tt0384537,adult
tt0387055,na
tt0465142,teen
tt0023196,na
tt0427954,adult
tt0317919,teen
tt0449089,kid
tt0475276,adult
tt0398027,adult
tt0327084,kid
tt0409182,teen
tt0382625,teen
tt0376994,teen
tt0452594,teen
tt0417385,adult
tt0317219,kid
tt0343996,adult
tt0360016,adult
tt0466909,adult
tt0457510,kid
tt0410297,kid
tt0389860,teen
tt0458352,teen
tt0383574,teen
tt0463034,teen
tt0424345,adult
tt0452637,teen
tt0422720,teen
tt0489037,kid
tt0497116,kid
tt0463985,teen
tt0348150,teen
tt0449059,adult
tt0085384,kid
tt0449467,adult
tt0079758,kid
tt0430304,teen
tt0385880,kid
tt0417148,adult
tt0457513,teen
tt0415306,teen
tt0477347,kid
tt0469641,teen
tt0420223,teen
tt0038213,na
tt0430357,adult
tt0454921,teen
tt0455967,teen
tt0429589,kid
tt0421229,na
tt0479884,adult
tt1701210,adult
tt0402910,adult
tt0414853,kid
tt0462590,teen
tt0383060,kid
tt0479647,adult
tt0468489,adult
tt0410764,adult
tt0035703,na
tt0384793,teen
tt0443543,teen
tt0436697,teen
tt0486551,adult
tt0450345,teen
tt0473024,teen
tt0414951,adult
tt0460989,na
tt0475944,teen
tt0423169,na
tt0387808,adult
tt0414993,teen
tt0354899,adult
tt0439630,na
tt0387877,adult
tt0421206,teen
tt0063787,na
tt0472043,adult
tt0454824,teen
tt0493430,adult
tt0405676,teen
tt0435623,adult
tt0443453,adult
tt0457430,adult
tt0406816,teen
tt0400717,kid
tt0462519,teen
tt0407887,adult
tt0424993,teen
tt0457495,kid
tt0439289,adult
tt0433386,teen
tt0483726,teen
tt0419946,na
tt0420609,adult
tt0430431,kid
tt0404203,adult
tt0077531,kid
tt0805526,kid
tt0455590,adult
tt0367027,na
tt0206634,adult
tt0482571,teen
tt0418689,adult
tt0434215,kid
tt0417397,adult
tt0489270,adult
tt0853096,adult
tt0027438,na
tt0424095,kid
tt0396171,adult
tt0452681,kid
tt0401445,teen
tt0433442,teen
tt0470765,teen
tt0381061,teen
tt0366548,kid
tt0454987,adult
tt0453467,teen
tt0457939,teen
tt0448124,na
tt0433387,adult
tt0365830,adult
tt0450259,adult
tt0413895,kid
tt0449010,kid
tt0479143,kid
tt0422295,adult
tt0443431,na
tt0758794,kid
tt0343737,adult
tt0443489,teen
tt0463998,teen
tt0464049,adult
tt0465551,adult
tt0398913,teen
tt0452624,adult
tt0498380,adult
tt0454082,adult
tt0308353,kid
tt0462229,teen
tt0775539,teen
tt0482546,kid
tt0344854,kid
tt0455960,adult
tt0398808,kid
tt0076263,na
tt0473308,teen
tt0395495,teen
tt0475394,adult
tt0799949,teen
tt0425430,teen
tt0367959,adult
tt0477051,teen
tt0382932,kid
tt0401711,adult
tt0469263,kid
tt0482527,teen
tt0066115,adult
tt0444182,adult
tt0450340,na
tt0425601,adult
tt0259324,teen
tt0778661,teen
tt0758766,teen
tt0481369,adult
tt0499554,adult
tt0462200,adult
tt0435680,adult
tt0425112,adult
tt0435705,teen
tt0418110,na
tt0092226,adult
tt0443706,adult
tt0429277,na
tt0416449,adult
tt0477095,teen
tt0468492,adult
tt0416508,kid
tt0433416,teen
tt0770772,adult
tt0477071,teen
tt0455760,adult
tt0490204,adult
tt0822854,adult
tt0453556,kid
tt0389557,adult
tt0427470,adult
tt0444682,adult
tt0396555,kid
tt0479537,adult
tt0448134,adult
tt0462338,adult
tt0455957,adult
tt0457433,adult
tt0486822,adult
tt0446013,adult
tt0376196,adult
tt0445946,adult
tt0452702,adult
tt0419843,teen
tt0453451,kid
tt0435670,teen
tt0413300,teen
tt0495596,teen
tt0460505,kid
tt0409904,adult
tt0480025,na
tt0478311,adult
tt0427327,kid
tt0463854,adult
tt0413267,kid
tt0907657,adult
tt0449088,teen
tt0470705,adult
tt0780571,adult
tt0441007,teen
tt0411061,adult
tt0496806,teen
tt0466399,na
tt0472259,na
tt0498353,adult
tt0423294,kid
tt0486576,kid
tt0457572,teen
tt1028528,na
tt0046248,na
tt0462504,teen
tt0473709,adult
tt0105508,na
tt0386032,teen
tt0314524,na
tt0829459,adult
tt0450385,teen
tt0795368,adult
tt0337978,teen
tt0762114,teen
tt0413099,kid
tt0418279,teen
tt0374563,adult
tt0373889,teen
tt0762107,teen
tt0486655,teen
tt0462538,teen
tt0897361,adult
tt0481141,kid
tt0440963,teen
tt0796375,adult
tt0829482,adult
tt0293564,teen
tt0462396,teen
tt0815244,teen
tt0431197,adult
tt0462244,kid
tt0427392,teen
tt0499556,adult
tt0489237,teen
tt0373883,adult
tt0804461,adult
tt0484111,adult
tt0381849,adult
tt0465602,adult
tt0783233,adult
tt1032846,na
tt0912593,na
tt0476964,adult
tt0478134,adult
tt0405508,na
tt0466839,teen
tt0465436,teen
tt0765443,adult
tt0283503,adult
tt0473188,adult
tt0432021,adult
tt0452625,adult
tt0758758,adult
tt0492956,kid
tt0408839,adult
tt0480242,teen
tt0838221,adult
tt0498399,adult
tt0414055,teen
tt0465538,adult
tt0805564,teen
tt0389722,adult
tt0804522,adult
tt0469623,adult
tt0452623,adult
tt0443680,adult
tt0360323,adult
tt0880502,na
tt0906108,teen
tt0890870,adult
tt0765429,adult
tt0389790,kid
tt0292963,adult
tt0401383,teen
tt0477348,adult
tt0496328,na
tt0426931,kid
tt0856052,na
tt0891527,adult
tt0486583,kid
tt0442933,teen
tt0484740,adult
tt0405336,adult
tt0488478,teen
tt0884328,adult
tt0461770,kid
tt0465494,adult
tt0804516,adult
tt1024943,teen
tt0211933,adult
tt0385752,teen
tt0480249,teen
tt0952640,kid
tt0368794,adult
tt0467406,teen
tt0765120,teen
tt0937237,adult
tt0462579,na
tt0433398,adult
tt0825232,teen
tt0419887,teen
tt0408236,adult
tt0465234,kid
tt0469494,adult
tt0472062,adult
tt0758730,adult
tt0841046,adult
tt0427309,teen
tt0760329,kid
tt0431308,teen
tt0988595,teen
tt0986264,kid
tt0372873,teen
tt1038988,adult
tt0780516,teen
tt1060277,teen
tt0880578,adult
tt0462499,adult
tt1073498,teen
tt0406759,teen
tt0780607,adult
tt0411477,teen
tt0780536,adult
tt0814666,na
tt0099817,adult
tt0494652,teen
tt0770752,teen
tt0892375,kid
tt0489099,teen
tt0443274,teen
tt0416236,kid
tt1023481,teen
tt0449994,na
tt0425413,teen
tt0854678,adult
tt0443649,teen
tt0200465,adult
tt0483607,adult
tt0451079,kid
tt0808279,adult
tt0416044,adult
tt0811138,teen
tt0848557,adult
tt0466816,adult
tt0902272,teen
tt0486674,adult
tt0107953,adult
tt0468569,teen
tt0914382,na
tt1023111,teen
tt0395119,na
tt0085764,adult
tt0478087,teen
tt0858479,adult
tt0379865,teen
tt0881200,na
tt0091757,teen
tt0489281,adult
tt0903627,adult
tt0410377,kid
tt0800039,adult
tt0426592,na
tt0421073,adult
tt0481536,adult
tt0811080,kid
tt0865556,teen
tt0437954,adult
tt0845046,teen
tt0800240,adult
tt0871426,teen
tt1091617,kid
tt0371746,teen
tt0866439,teen
tt0281680,teen
tt0936501,na
tt0942903,na
tt0790623,adult
tt1033643,teen
tt0499448,kid
tt0884224,adult
tt0367882,teen
tt1000774,adult
tt0482606,adult
tt0441773,kid
tt0960144,teen
tt0846040,adult
tt0116118,na
tt0949731,adult
tt0800080,teen
tt0889588,adult
tt0910970,kid
tt0493464,adult
tt0448157,adult
tt0433350,na
tt0425061,teen
tt0019563,na
tt0016473,na
tt1082886,adult
tt0795421,teen
tt1064932,na
tt0879843,na
tt0373051,kid
tt0765476,kid
tt0472071,kid
tt0758742,na
tt0800241,adult
tt0482603,kid
tt0409459,adult
tt0838283,adult
tt0412536,teen
tt0443701,teen
tt0801526,adult
tt0859163,teen
tt1027862,teen
tt0805570,adult
tt0914797,teen
tt0497465,teen
tt0910936,adult
tt0425637,adult
tt1018785,teen
tt0974554,adult
tt0942385,adult
tt1185834,kid
tt0490181,adult
tt1185616,adult
tt1139797,adult
tt0452608,adult
tt0852713,teen
tt1031969,teen
tt0790686,adult
tt0906665,adult
tt0887883,adult
tt1213644,teen
tt0364970,teen
tt0988047,teen
tt0844671,adult
tt0430770,teen
tt0804507,adult
tt0831887,teen
tt0814022,adult
tt0492619,adult
tt1034331,adult
tt0947802,teen
tt0859760,teen
tt0800308,adult
tt1046997,adult
tt1059786,teen
tt0455538,adult
tt0981227,teen
tt0307596,na
tt0758774,adult
tt0970411,kid
tt0006333,na
tt0467197,teen
tt1007028,adult
tt1175491,teen
tt1046163,adult
tt0416212,teen
tt1190617,teen
tt1063669,na
tt1082868,adult
tt0482572,adult
tt0469903,kid
tt1032755,adult
tt0479952,kid
tt1101026,na
tt0861689,adult
tt0824747,adult
tt0898367,adult
tt1010048,adult
tt0830515,teen
tt0430922,adult
tt1130988,adult
tt1132626,adult
tt1135985,adult
tt0887971,adult
tt1014775,kid
tt0455824,teen
tt0397892,kid
tt1013753,adult
tt1099212,teen
tt1129442,teen
tt0369436,teen
tt0914798,teen
tt0409345,adult
tt1129423,kid
tt0465502,kid
tt0450314,adult
tt0970416,teen
tt0918927,teen
tt1205489,adult
tt0976051,adult
tt0814314,teen
tt1125849,adult
tt0421715,teen
tt1068680,teen
tt0985699,teen
tt0960731,kid
tt1024715,adult
tt0959337,adult
tt0976247,adult
tt0483756,adult
tt1024255,teen
tt1034303,adult
tt0822832,kid
tt0876563,kid
tt1220719,adult
tt0449487,teen
tt0420238,kid
tt0901476,kid
tt1179891,adult
tt0850253,adult
tt0480669,adult
tt0834001,adult
tt0494238,kid
tt0464041,teen
tt1114740,kid
tt1139668,teen
tt0462465,adult
tt0393329,na
tt1053859,adult
tt0327597,kid
tt0465580,teen
tt0963178,adult
tt1103275,adult
tt1001508,teen
tt0785006,kid
tt0489235,adult
tt1201167,adult
tt0891592,teen
tt1176740,adult
tt1023490,na
tt0869994,adult
tt0758746,adult
tt0102802,kid
tt1227926,na
tt1155056,adult
tt1135487,teen
tt0448011,teen
tt0785035,adult
tt1132620,adult
tt0862846,adult
tt0892782,kid
tt1073241,adult
tt0027040,na
tt1091722,adult
tt1093908,kid
tt1013752,teen
tt1131729,adult
tt0974661,teen
tt0361748,adult
tt0473705,teen
tt1121931,adult
tt1182345,adult
tt0962736,kid
tt0865554,adult
tt0458525,teen
tt1103982,adult
tt0796366,teen
tt1326972,na
tt1231277,adult
tt0393597,kid
tt0924129,adult
tt0808151,teen
tt0438488,teen
tt1078912,kid
tt0844286,teen
tt0821642,teen
tt0844708,adult
tt1127180,teen
tt1049413,kid
tt1083456,teen
tt1119646,adult
tt0870984,na
tt1230448,na
tt0479162,adult
tt1095174,kid
tt1278340,na
tt0457400,teen
tt1111422,adult
tt1041829,teen
tt0069976,adult
tt1045778,teen
tt0887912,adult
tt1055369,teen
tt1178663,teen
tt1152836,adult
tt1080016,kid
tt0489244,adult
tt1078588,teen
tt0475298,adult
tt0242572,na
tt1022603,teen
tt0972558,na
tt0417741,kid
tt0046969,na
tt1054606,teen
tt1179258,adult
tt1148204,adult
tt1142988,adult
tt0844479,adult
tt0971209,adult
tt0775552,kid
tt1136608,adult
tt1135503,teen
tt1198138,teen
tt1075417,kid
tt1114677,kid
tt1046173,teen
tt1160368,teen
tt0093974,adult
tt0452694,teen
tt0976222,kid
tt1032815,teen
tt1331064,teen
tt0436339,kid
tt0103962,teen
tt0964185,adult
tt1172570,adult
tt0396707,kid
tt1142433,teen
tt0865559,teen
tt1311067,adult
tt0035884,na
tt1500516,na
tt1305806,adult
tt0472033,teen
tt1188729,adult
tt1234548,adult
tt1131734,adult
tt1130080,adult
tt1225822,adult
tt1144884,adult
tt1034032,adult
tt0844471,kid
tt0051380,na
tt0858486,kid
tt0899106,teen
tt0810784,kid
tt1179904,adult
tt1262981,adult
tt1232207,adult
tt1084972,na
tt1019452,adult
tt1174730,teen
tt1172233,teen
tt1058017,teen
tt0986263,teen
tt1156398,adult
tt1018818,adult
tt1232783,adult
tt0365929,adult
tt1174732,teen
tt0072761,adult
tt1078940,adult
tt0881891,teen
tt1093370,na
tt0386117,kid
tt1100119,kid
tt0808399,adult
tt1197624,adult
tt1129445,kid
tt0978762,na
tt1193138,adult
tt1233227,adult
tt0450405,teen
tt1300851,adult
tt1190536,adult
tt1228953,adult
tt0475783,na
tt0375568,kid
tt0432283,kid
tt0114697,teen
tt0114108,kid
tt1067106,kid
tt1054122,na
tt1190080,teen
tt0362478,teen
tt0120244,na
tt1220198,teen
tt0929632,adult
tt1095217,adult
tt1259571,teen
tt0790712,adult
tt1186367,adult
tt1337051,na
tt1242422,na
tt0765010,adult
tt0804529,teen
tt0878804,teen
tt0976238,kid
tt0762125,kid
tt1175506,teen
tt1186366,na
tt0380510,teen
tt1057500,teen
tt0780521,kid
tt0913354,teen
tt0091276,kid
tt1314228,teen
tt1527679,na
tt0499549,teen
tt0875034,teen
tt1230414,adult
tt0988045,teen
tt1263670,adult
tt1231580,kid
tt0499375,na
tt1183251,teen
tt0049875,na
tt1226681,na
tt0944114,na
tt0433362,adult
tt1028532,kid
tt1216492,kid
tt1037705,adult
tt1343097,adult
tt0892767,adult
tt1244668,na
tt0085694,adult
tt0974613,adult
tt0463872,na
tt1187043,teen
tt1038686,adult
tt1170391,adult
tt0439182,na
tt1244659,kid
tt0365675,teen
tt1226273,adult
tt1045772,adult
tt1232776,na
tt0165546,na
tt0817230,teen
tt1130884,adult
tt1235796,teen
tt0814255,kid
tt1385867,adult
tt1139328,teen
tt1273678,kid
tt1220628,adult
tt1186830,adult
tt1146325,na
tt1247640,adult
tt0455407,adult
tt0989757,teen
tt0808510,kid
tt1245112,adult
tt1188996,teen
tt1014759,kid
tt0947810,adult
tt0058085,na
tt1179034,adult
tt1210042,adult
tt0815236,adult
tt1289406,adult
tt1403981,teen
tt1305583,teen
tt1038919,teen
tt1151359,adult
tt1247704,adult
tt0330691,na
tt0046949,na
tt1053424,adult
tt0795351,adult
tt1231587,adult
tt1352824,adult
tt0016884,na
tt1216496,adult
tt0892769,kid
tt1288403,adult
tt1149361,adult
tt0800320,teen
tt1303828,adult
tt1250777,adult
tt1279935,teen
tt0838247,adult
tt1017451,adult
tt0087981,adult
tt1321509,adult
tt0862467,na
tt1196141,kid
tt1124052,adult
tt0480255,teen
tt0970452,adult
tt1228705,teen
tt1392197,kid
tt1470023,adult
tt1106860,adult
tt1179056,adult
tt1341167,adult
tt0492389,kid
tt1379177,adult
tt0955308,teen
tt1480660,teen
tt1120985,adult
tt1103153,teen
tt1462758,adult
tt0473075,teen
tt1261945,adult
tt1226229,adult
tt1212436,teen
tt0887745,na
tt1075747,teen
tt0429493,teen
tt0435761,kid
tt1399683,adult
tt0892791,kid
tt1325004,teen
tt1294213,adult
tt1191111,na
tt0938283,kid
tt1424381,adult
tt1323594,kid
tt1375666,teen
tt1375670,teen
tt0963966,kid
tt1013743,teen
tt1155076,kid
tt0954990,teen
tt0842926,adult
tt0944835,teen
tt0485947,adult
tt0047494,na
tt0427152,teen
tt1415283,kid
tt1386932,adult
tt1438254,teen
tt1386588,teen
tt0034902,na
tt1320253,adult
tt0446029,teen
tt1313092,adult
tt1020558,adult
tt0808526,adult
tt0464154,adult
tt1179025,kid
tt1285309,adult
tt0093067,adult
tt0411951,adult
tt0381442,na
tt1320244,teen
tt1440728,adult
tt0889573,teen
tt0903943,na
tt0985694,adult
tt1193631,teen
tt1322312,adult
tt1666186,teen
tt1220634,adult
tt1285016,teen
tt0840361,adult
tt1282140,teen
tt0879870,adult
tt1049402,adult
tt0817177,kid
tt1027718,teen
tt1219342,kid
tt1287468,kid
tt0804497,teen
tt1276105,adult
tt0374271,na
tt1228987,adult
tt1028576,kid
tt1314655,teen
tt1414382,kid
tt1055292,teen
tt1584016,teen
tt1423995,adult
tt1645089,teen
tt1470827,adult
tt1244754,adult
tt1107319,adult
tt1148165,teen
tt1334260,adult
tt0775489,kid
tt1447508,na
tt1612774,adult
tt1179069,adult
tt1116184,adult
tt1245526,teen
tt0872230,adult
tt0435528,adult
tt1465487,na
tt1588337,teen
tt1536044,adult
tt1212419,teen
tt1477076,adult
tt1231583,adult
tt1542344,adult
tt1001526,kid
tt0947798,adult
tt0977855,teen
tt0477080,teen
tt1126618,teen
tt1458175,teen
tt1235189,teen
tt1321865,na
tt0926084,teen
tt1504320,adult
tt0398286,kid
tt0964517,adult
tt1403988,teen
tt1361313,adult
tt1194417,adult
tt1213648,adult
tt1564585,teen
tt1152398,teen
tt0758752,adult
tt0980970,kid
tt1570989,na
tt1243957,teen
tt1270835,adult
tt1456941,adult
tt1403865,teen
tt1104001,kid
tt1431181,teen
tt1341188,teen
tt1423894,adult
tt1172991,adult
tt1433108,adult
tt0935075,teen
tt0970866,teen
tt1320261,kid
tt1572491,adult
tt1071812,kid
tt1126591,teen
tt1568921,kid
tt1465522,adult
tt1302067,kid
tt1268204,na
tt1294688,adult
tt0990407,teen
tt1023114,teen
tt1032751,adult
tt1166100,na
tt0479997,teen
tt1172060,adult
tt0409847,teen
tt1578275,teen
tt0027690,na
tt1219289,teen
tt1242432,adult
tt1411238,adult
tt1189340,adult
tt1161864,teen
tt0073317,kid
tt0893412,teen
tt1555064,teen
tt1401152,teen
tt0881320,adult
tt0377981,kid
tt1320239,adult
tt1452628,adult
tt1092026,adult
tt0072665,kid
tt1502404,adult
tt1192628,kid
tt0810922,adult
tt1385826,teen
tt0472399,adult
tt0480687,adult
tt1034389,teen
tt1464540,teen
tt1587729,na
tt1217613,teen
tt0016104,na
tt1210071,adult
tt1305591,kid
tt1569364,na
tt1564367,teen
tt1486185,teen
tt1464174,teen
tt1512235,adult
tt1740707,teen
tt0945513,teen
tt0978764,teen
tt1487118,adult
tt1454523,na
tt1591095,teen
tt1640459,na
tt1606392,adult
tt1037163,na
tt1560139,na
tt1650043,kid
tt1220888,adult
tt1411704,kid
tt0107719,kid
tt1436045,adult
tt0993842,teen
tt1648112,na
tt1437366,na
tt1334512,teen
tt1262416,adult
tt1436562,kid
tt1599975,na
tt1527186,adult
tt0800369,teen
tt0480239,teen
tt1529235,na
tt1067583,teen
tt1596343,teen
tt1339161,na
tt1255953,adult
tt1596346,kid
tt0491152,teen
tt1478338,adult
tt0822847,teen
tt0465407,teen
tt1321860,teen
tt1298650,teen
tt1605783,teen
tt0478304,teen
tt1411697,adult
tt1695994,adult
tt1440266,kid
tt1265990,teen
tt1529572,adult
tt1139282,adult
tt1379222,na
tt1478964,adult
tt1302011,kid
tt1270798,teen
tt1032825,adult
tt1531663,adult
tt1532503,adult
tt1650062,teen
tt1133985,teen
tt1396218,kid
tt1284575,adult
tt1391137,teen
tt1399103,teen
tt1583420,teen
tt1240982,adult
tt1547230,kid
tt1135084,teen
tt1222817,kid
tt1499658,adult
tt1216475,kid
tt0019195,na
tt1369706,adult
tt1934231,na
tt1067774,kid
tt1201607,teen
tt0780504,adult
tt1541995,teen
tt0458339,teen
tt1570728,teen
tt1563738,teen
tt1540133,adult
tt1449283,kid
tt0066773,na
tt0472181,kid
tt1013860,teen
tt1632708,adult
tt1213012,kid
tt0106684,adult
tt1297919,adult
tt1637706,adult
tt1185344,kid
tt1441956,na
tt1318514,teen
tt1488555,adult
tt1454029,teen
tt1622547,adult
tt1922612,kid
tt1622979,adult
tt0968264,teen
tt1268799,adult
tt1405810,na
tt1517489,kid
tt0040597,na
tt1270761,adult
tt1438176,adult
tt1549572,teen
tt1403177,adult
tt1464580,adult
tt1226753,adult
tt1657507,teen
tt1152822,teen
tt1189073,adult
tt0816462,adult
tt1604171,kid
tt0873886,adult
tt1554091,teen
tt1742650,teen
tt1633356,teen
tt1598778,teen
tt0999913,adult
tt1210166,teen
tt1498569,teen
tt0848228,teen
tt1571222,adult
tt1291584,teen
tt1124035,adult
tt1788391,na
tt1448755,adult
tt1602476,na
tt1242599,adult
tt1306980,adult
tt1655442,teen
tt1305797,na
tt1675192,adult
tt1504319,adult
tt1613062,kid
tt0433035,teen
tt1068242,teen
tt0905372,adult
tt1242460,adult
tt1509767,teen
tt1637688,teen
tt0466893,adult
tt1692486,adult
tt1615147,adult
tt1778304,adult
tt1634122,kid
tt1600195,teen
tt1440345,adult
tt1723811,na
tt0770703,adult
tt1462041,teen
tt1308138,na
tt1586752,adult
tt1521197,teen
tt0471042,teen
tt1616195,adult
tt1646980,teen
tt0983193,kid
tt0970179,kid
tt1562568,adult
tt1674784,adult
tt1253864,adult
tt0810913,kid
tt1270262,adult
tt1748197,adult
tt1719071,adult
tt1533749,adult
tt1181614,na
tt1033575,adult
tt1758692,teen
tt1204342,kid
tt1324999,teen
tt1568911,teen
tt0376136,adult
tt1655420,adult
tt1714210,na
tt1948150,na
tt1091229,teen
tt1239426,na
tt1668200,teen
tt1366344,adult
tt0477302,teen
tt1640548,adult
tt1402488,kid
tt0473102,kid
tt1541160,na
tt1308729,adult
tt1764651,adult
tt0036628,na
tt1392170,teen
tt1345836,teen
tt1194173,teen
tt1515091,teen
tt1687247,teen
tt1372686,adult
tt1625346,adult
tt1598822,teen
tt1229238,teen
tt1389137,kid
tt1568346,adult
tt1093357,teen
tt1615918,kid
tt1602098,adult
tt1714209,adult
tt1560985,adult
tt1524137,adult
tt1564349,kid
tt1007029,teen
tt1535616,adult
tt1496025,adult
tt1601913,adult
tt1568338,teen
tt1506999,adult
tt1772240,teen
tt1214962,adult
tt0485985,teen
tt1410063,adult
tt1675434,adult
tt1598828,teen
tt1536048,adult
tt1594562,adult
tt1430615,kid
tt1782568,na
tt1123373,teen
tt1706593,teen
tt1596365,teen
tt1605769,adult
tt1599348,adult
tt1606389,teen
tt2112999,na
tt1996264,adult
tt1397514,kid
tt1651118,na
tt1700258,na
tt1403130,na
tt0795441,adult
tt1071875,teen
tt1630036,teen
tt1636826,adult
tt1482459,kid
tt1053810,kid
tt1591479,adult
tt1596350,teen
tt0401729,teen
tt1687901,adult
tt1535970,adult
tt1232829,adult
tt1588334,adult
tt1592525,teen
tt1422136,na
tt1477109,na
tt1441952,teen
tt1646987,teen
tt1034314,adult
tt1605630,adult
tt1899353,adult
tt1259521,adult
tt1726589,adult
tt1767382,adult
tt0383010,kid
tt1486192,adult
tt1667353,kid
tt1440129,teen
tt1412386,teen
tt1195478,adult
tt1621045,teen
tt1327194,teen
tt1094241,adult
tt1656190,adult
tt1640484,teen
tt1077368,teen
tt1645170,adult
tt1409024,teen
tt1735898,teen
tt1663321,teen
tt1430626,kid
tt1446714,na
tt1704573,teen
tt1196340,na
tt1655460,adult
tt1748122,teen
tt1821480,na
tt1486193,adult
tt1640711,na
tt1480656,adult
tt0763831,teen
tt0119579,na
tt1862079,adult
tt1277953,kid
tt1742336,adult
tt1217209,kid
tt1440732,adult
tt1586265,teen
tt1859650,adult
tt1611224,adult
tt1514041,na
tt1566501,adult
tt1336608,teen
tt1307068,adult
tt1637725,adult
tt1915581,adult
tt0337692,adult
tt0948470,teen
tt1667889,kid
tt2125435,teen
tt1716777,teen
tt1615065,adult
tt1298649,adult
tt1602472,adult
tt1726669,na
tt1386703,teen
tt1436559,teen
tt1074638,teen
tt1535438,teen
tt1623288,kid
tt2023453,kid
tt2025526,adult
tt2097307,adult
tt1547234,teen
tt1212450,adult
tt1714203,adult
tt1603257,adult
tt0431021,teen
tt1440232,na
tt1433822,teen
tt1920849,adult
tt1840417,teen
tt1981677,teen
tt1366365,teen
tt1276104,adult
tt1232200,adult
tt1990314,teen
tt1855325,adult
tt1560747,adult
tt1343727,adult
tt1764183,adult
tt1855199,adult
tt1659337,teen
tt2106476,adult
tt1510907,na
tt1753722,na
tt1876451,teen
tt1748179,adult
tt1397280,teen
tt1496422,adult
tt1276419,adult
tt1582507,teen
tt2247692,kid
tt1650048,na
tt0025617,na
tt2053425,adult
tt2215719,kid
tt1142977,kid
tt1922777,adult
tt0837562,kid
tt1024648,adult
tt1931533,adult
tt0844993,kid
tt1954470,na
tt2109184,adult
tt1712170,teen
tt1371111,adult
tt0938330,adult
tt0981042,teen
tt1764234,adult
tt1866249,adult
tt2063781,adult
tt1772341,kid
tt0084268,adult
tt1045658,adult
tt1907668,adult
tt0454876,kid
tt1258972,adult
tt1683921,na
tt1656186,adult
tt1602620,teen
tt1291549,adult
tt0443272,teen
tt1673434,teen
tt1234719,teen
tt1446192,kid
tt1667310,adult
tt1531901,adult
tt1800741,teen
tt1772230,adult
tt0903624,teen
tt1132449,adult
tt1954352,teen
tt1934269,na
tt2082197,na
tt1790885,adult
tt1925431,adult
tt1588173,teen
tt1694020,teen
tt0790724,teen
tt1853728,adult
tt1758830,adult
tt1649419,teen
tt1707386,teen
tt1230215,adult
tt1441951,teen
tt1447972,teen
tt1047540,kid
tt2091473,adult
tt0857190,adult
tt2181931,na
tt1572315,adult
tt1321870,adult
tt1867093,adult
tt1491044,adult
tt2243537,adult
tt2023587,teen
tt2084989,na
tt1235522,adult
tt1770734,adult
tt1937339,teen
tt1333125,adult
tt1904996,adult
tt1428538,adult
tt1584131,teen
tt1869716,teen
tt2035599,na
tt1374992,teen
tt2053463,adult
tt2024432,adult
tt1559547,teen
tt1606378,adult
tt1711425,adult
tt1702439,teen
tt1549589,na
tt2375605,na
tt1659343,adult
tt0765446,kid
tt2209418,adult
tt0882977,teen
tt2387433,teen
tt1954701,na
tt1351685,teen
tt2034139,teen
tt1583421,teen
tt1682180,adult
tt1922685,adult
tt1623205,kid
tt0481499,kid
tt1781784,na
tt0790628,teen
tt2101441,adult
tt2243389,adult
tt1911644,adult
tt2302755,adult
tt1817273,adult
tt1517260,teen
tt1582271,teen
tt1814621,teen
tt0222012,na
tt1288558,adult
tt1924429,adult
tt1684233,adult
tt0204350,adult
tt1483013,teen
tt1507563,teen
tt0453562,teen
tt1854236,adult
tt1433811,adult
tt0795461,teen
tt1980209,adult
tt2051894,teen
tt1462900,teen
tt1245492,adult
tt1300854,teen
tt1542482,teen
tt1935179,teen
tt1566637,na
tt1945062,adult
tt1343092,teen
tt1408101,teen
tt2234155,teen
tt1602613,adult
tt1951261,adult
tt1905041,teen
tt0848537,kid
tt2404461,teen
tt1489167,adult
tt1731697,adult
tt1291580,na
tt1780762,adult
tt1815862,teen
tt1670345,teen
tt1426329,adult
tt1656192,adult
tt1857842,adult
tt1727388,teen
tt0770828,teen
tt1931435,adult
tt2184339,adult
tt2132285,adult
tt1453405,kid
tt2103217,na
tt1663662,teen
tt1924396,adult
tt0816711,teen
tt1535108,adult
tt1932767,adult
tt1690953,kid
tt2334879,teen
tt1213663,adult
tt1893256,adult
tt2404463,adult
tt1210819,teen
tt1714206,adult
tt2356180,na
tt0790736,teen
tt1457767,adult
tt1860353,kid
tt1430132,teen
tt1171701,na
tt1272878,adult
tt2459022,na
tt2334873,teen
tt2358891,na
tt2292959,adult
tt1854564,kid
tt2017020,kid
tt0469021,adult
tt0099277,adult
tt2016940,adult
tt1723121,adult
tt2191701,teen
tt1650554,adult
tt1411250,adult
tt1691917,kid
tt0097008,adult
tt1413495,teen
tt2013293,teen
tt2357129,teen
tt1538403,teen
tt1327773,teen
tt2294677,adult
tt2194499,adult
tt2112124,na
tt2005374,adult
tt2171867,adult
tt0113394,adult
tt1153040,adult
tt2103267,adult
tt2378281,teen
tt2167202,teen
tt1454468,teen
tt1486834,teen
tt1392214,adult
tt1206543,adult
tt1985019,teen
tt1979320,adult
tt2404311,adult
tt1758795,adult
tt2476154,na
tt1532958,teen
tt0105078,kid
tt1821549,adult
tt2172935,adult
tt2377938,na
tt2364841,adult
tt2278871,na
tt2345112,teen
tt2717558,na
tt1985966,kid
tt1535109,teen
tt2002718,adult
tt1450321,adult
tt1060249,na
tt1171222,teen
tt2126362,adult
tt1211956,adult
tt1939659,adult
tt1837703,adult
tt2193215,adult
tt2024544,adult
tt2017038,teen
tt1731141,teen
tt3063516,adult
tt1981115,teen
tt0790636,adult
tt2299842,na
tt1621039,kid
tt1204975,teen
tt2431286,teen
tt2083355,adult
tt2718492,teen
tt1951264,teen
tt1170358,teen
tt1335975,teen
tt2387559,teen
tt1396226,adult
tt2294629,kid
tt2042568,adult
tt0993846,adult
tt2312718,adult
tt2304771,teen
tt1322269,adult
tt2786278,na
tt2224004,adult
tt1800241,adult
tt0359950,kid
tt1798709,adult
tt1091191,adult
tt2140373,teen
tt1041804,kid
tt2275471,adult
tt1321511,adult
tt1695765,na
tt1229340,teen
tt1706620,adult
tt2062575,na
tt1663143,teen
tt2101473,adult
tt0093543,kid
tt2088871,na
tt1661382,teen
tt0422091,na
tt2473682,adult
tt2350496,kid
tt2707858,adult
tt2295196,na
tt1634003,kid
tt2058107,adult
tt1758595,teen
tt1408253,teen
tt1205537,teen
tt1840309,teen
tt1723642,teen
tt2752758,adult
tt0099578,adult
tt1464191,adult
tt3060952,teen
tt2178470,na
tt0399854,na
tt1816518,kid
tt1418377,teen
tt1609479,na
tt1967545,teen
tt1981107,kid
tt2177771,teen
tt1490017,kid
tt1234721,teen
tt1742334,adult
tt2333804,adult
tt2318092,teen
tt1837709,teen
tt2382396,adult
tt0490170,kid
tt1826590,adult
tt2278388,adult
tt1800246,adult
tt0816692,teen
tt2172934,teen
tt2024469,teen
tt1253863,adult
tt0864835,kid
tt1441395,adult
tt2369135,teen
tt2355495,teen
tt2771372,teen
tt2170299,adult
tt3210686,teen
tt2668134,na
tt1843866,teen
tt1959490,teen
tt0018618,na
tt2059171,adult
tt1043726,teen
tt2281587,kid
tt1747958,adult
tt1885300,teen
tt2235779,teen
tt2223990,teen
tt2265171,adult
tt1872181,teen
tt2388715,adult
tt2528814,kid
tt2316801,teen
tt2357291,kid
tt2209764,teen
tt1929263,kid
tt2203939,teen
tt1430612,teen
tt2692904,adult
tt1921064,teen
tt2004420,adult
tt0076809,kid
tt2404181,kid
tt1951181,adult
tt1280558,na
tt3014666,kid
tt2872732,adult
tt1877832,teen
tt0831387,teen
tt2463288,adult
tt0884726,kid
tt2883512,adult
tt2309961,adult
tt1086772,teen
tt1980929,adult
tt1587310,kid
tt1631867,teen
tt2381249,teen
tt1647668,kid
tt2582846,teen
tt2319580,teen
tt1425922,kid
tt2368672,na
tt1715336,adult
tt2304517,adult
tt2294449,adult
tt2465578,na
tt0455944,adult
tt1646971,kid
tt2562232,adult
tt1860152,na
tt1065073,adult
tt2239832,teen
tt1742044,adult
tt2109248,teen
tt2980706,kid
tt3433074,na
tt2103254,adult
tt2321549,na
tt2844798,adult
tt2582802,adult
tt2267998,adult
tt2103281,teen
tt1763264,adult
tt2465146,teen
tt1956620,adult
tt2975578,adult
tt2015381,teen
tt2910814,teen
tt2333784,teen
tt1267297,teen
tt1972571,adult
tt2870708,adult
tt2183034,kid
tt2626350,teen
tt2581244,adult
tt2345737,adult
tt2870756,teen
tt2980648,kid
tt1617661,teen
tt1291150,teen
tt0435651,teen
tt1924435,adult
tt2383068,adult
tt1828959,teen
tt0458481,adult
tt1355630,teen
tt2737050,teen
tt2799166,adult
tt1663207,adult
tt2870612,adult
tt2980592,adult
tt1726592,adult
tt2800038,teen
tt2106361,teen
tt2343793,adult
tt3177316,adult
tt1600196,adult
tt1790864,teen
tt2011159,teen
tt2994190,adult
tt0365907,adult
tt2908856,teen
tt1786751,adult
tt2398231,adult
tt2402157,adult
tt0787474,kid
tt2576852,kid
tt1371150,adult
tt2179136,adult
tt3099498,adult
tt3322940,adult
tt0829150,teen
tt1085492,adult
tt1376213,kid
tt2397535,adult
tt1972779,teen
tt2911666,adult
tt1872194,adult
tt2713180,adult
tt2720680,adult
tt2170593,teen
tt1698641,kid
tt2467046,teen
tt1204977,teen
tt2872718,adult
tt0259308,kid
tt2245084,kid
tt3253930,na
tt2262227,kid
tt0470752,adult
tt0848538,na
tt1403214,na
tt1100089,adult
tt2004432,na
tt1762399,kid
tt1810861,na
tt1966566,adult
tt2084970,teen
tt1791528,adult
tt1951265,teen
tt1528100,teen
tt2096672,teen
tt2012665,adult
tt2980516,teen
tt0948530,na
tt2978462,kid
tt2247476,kid
tt2203308,na
tt2363213,teen
tt1155705,na
tt3125324,teen
tt1390411,teen
tt0369610,teen
tt1672091,na
tt2170439,adult
tt2358592,na
tt1911658,kid
tt2883434,teen
tt3007512,adult
tt3316960,teen
tt1109624,kid
tt4046784,teen
tt2452254,adult
tt2328813,na
tt1216491,adult
tt1839642,teen
tt2310332,teen
tt1020072,teen
tt1809398,teen
tt0340110,na
tt1487931,na
tt2326554,na
tt3612616,adult
tt2937898,adult
tt2305051,adult
tt1126590,teen
tt2180411,kid
tt2788710,adult
tt2802144,adult
tt2692250,kid
tt1787759,teen
tt1121096,teen
tt0907119,na
tt0918628,kid
tt1823664,kid
tt2338151,na
tt0249516,kid
tt3417422,na
tt1823672,adult
tt1657510,teen
tt2446042,teen
tt2717822,adult
tt1340138,teen
tt2339741,teen
tt1224378,na
tt1702443,kid
tt1913166,adult
tt1764625,na
tt1662293,adult
tt3235888,adult
tt0104418,adult
tt2357377,na
tt0080024,na
tt0053290,na
tt1144551,na
tt1272018,na
tt3321428,na
tt1392190,adult
tt3195644,teen
tt2488496,teen
tt2638144,teen
tt0803096,teen
tt2395427,teen
tt1790809,teen
tt0478970,teen
tt1502712,teen
tt1431045,adult
tt3896198,teen
tt3498820,teen
tt1211837,teen
tt3385516,teen
tt0108041,na
tt2076176,na
tt0451038,kid
tt3442006,adult
tt2243621,kid
tt0064406,adult
tt2039393,adult
tt0055279,na
tt3045616,adult
tt2322441,adult
tt1666801,teen
tt3074732,na
tt2436386,teen
tt2381111,teen
tt1178665,adult
tt2891174,adult
tt2494384,adult
tt3859304,adult
tt3534602,adult
tt3172532,adult
tt3850214,adult
tt2667960,teen
tt1850397,adult
tt2366608,adult
tt0084887,kid
tt4142022,na
tt3460252,adult
tt3622592,teen
tt0884732,adult
tt3181822,adult
tt2554274,adult
tt2637294,adult
tt2381941,adult
tt2279373,kid
tt1841642,adult
tt2555736,kid
tt2401097,teen
tt2909116,teen
tt2918436,teen
tt2358925,adult
tt1826660,na
tt2359810,na
tt2199571,adult
tt3331846,na
tt1661199,kid
tt1029360,teen
tt3332064,kid
tt1791682,adult
tt0900387,na
tt2908446,teen
tt2088003,teen
tt0120471,na
tt2224026,kid
tt2649554,teen
tt2515034,adult
tt2515030,adult
tt2820852,teen
tt3713166,adult
tt0086987,adult
tt1014763,adult
tt2561572,adult
tt1595366,na
tt2952602,na
tt1969062,adult
tt2404425,teen
tt0110289,na
tt3399024,adult
tt1272051,kid
tt1964418,kid
tt2523600,na
tt3450650,kid
tt2495104,adult
tt3541262,na
tt2726560,teen
tt0086405,kid
tt1655441,teen
tt1772288,adult
tt4270516,adult
tt1777595,teen
tt3202120,na
tt0104225,teen
tt2126355,teen
tt2371486,na
tt2679042,adult
tt2210834,na
tt3623726,teen
tt3767372,na
tt2848292,teen
tt2402927,adult
tt2325977,adult
tt3464902,adult
tt1881002,teen
tt2967224,teen
tt2403021,adult
tt0416292,na
tt1224449,na
tt3659388,teen
tt3678782,na
tt3312830,adult
tt1324059,kid
tt0114234,na
tt0432047,na
tt3079380,adult
tt3152624,adult
tt0091671,adult
tt1243974,teen
tt2456720,na
tt2182972,teen
tt3672840,adult
tt1740710,na
tt1674771,adult
tt2933544,teen
tt2096673,kid
tt1694542,na
tt1951266,teen
tt3369806,kid
tt2120120,teen
tt3410834,teen
tt3183660,teen
tt2855648,na
tt2709768,kid
tt2318405,na
tt2424988,na
tt1810683,teen
tt2140379,teen
tt3014866,adult
tt1618442,teen
tt3850590,teen
tt1386697,teen
tt0476527,na
tt1628841,teen
tt2660888,teen
tt2585562,na
tt1839596,na
tt1675197,na
tt0074706,adult
tt1274295,na
tt0296574,na
tt2199711,na
tt0811066,na
tt0151150,adult
tt1833673,na
tt0441048,na
tt2637276,adult
tt2293640,kid
tt0081439,kid
tt1979388,kid
tt1355683,adult
tt2379713,teen
tt0085936,kid
tt0094813,adult
tt2080374,adult
tt2884018,adult
tt1524930,adult
tt2893490,teen
tt0409527,na
tt2975590,teen
tt2788556,adult
tt1366687,na
tt2268016,adult
tt3040964,kid
tt3819668,na
tt2979920,na
tt1638355,teen
tt1791681,na
tt3488710,kid
tt4172430,adult
tt3098306,na
tt1756415,na
tt2550838,na
tt2076251,na
tt1075114,na
tt2796678,na
tt2309260,adult
tt2402101,adult
tt3966404,teen
tt2877108,na
tt3863552,na
tt1663202,adult
tt3715320,adult
tt2631186,na
tt1798684,adult
tt3397884,adult
tt2401878,adult
tt4005402,adult
tt1524575,teen
tt2361509,teen
tt3774694,na
tt3170832,adult
tt4178092,adult
tt4263482,adult
tt4158624,teen
tt2131698,na
tt3567288,teen
tt1741273,teen
tt2752772,adult
tt3316948,adult
tt1781922,adult
tt1398426,adult
tt3824458,adult
tt2446980,teen
tt1242457,na
tt1976009,teen
tt1976608,na
tt2612156,na
tt1699745,na
tt3289728,teen
tt1727776,adult
tt3077214,teen
tt3787590,adult
tt3832914,kid
tt3569230,adult
tt0810819,adult
tt4062536,adult
tt1365050,na
tt3722070,teen
tt4228746,na
tt2938956,teen
tt1794850,na
tt0214289,na
tt3605418,adult
tt0464665,na
tt2070649,na
tt0455537,adult
tt1172049,adult
tt1018765,adult
tt1849718,na
tt2168910,na
tt3508840,na
tt3530002,adult
tt2719848,teen
tt3781476,na
tt1895587,adult
tt3808342,adult
tt1596345,teen
tt3072482,adult
tt2503944,adult
tt2224317,na
tt3668162,na
tt3517192,na
tt0242256,na
tt1180583,na
tt2510894,kid
tt0353496,na
tt0442781,na
tt1658801,teen
tt3707106,adult
tt1754656,kid
tt0451279,teen
tt4287320,teen
tt0490215,adult
tt3682448,teen
tt0419663,adult
tt0475290,teen
tt4176826,na
tt3791302,adult
tt2106741,na
tt1051904,kid
tt1766044,na
tt3862750,teen
tt3164256,adult
tt3181776,na
tt4374460,na
tt2473510,adult
tt3614530,kid
tt2006295,teen
tt2910904,adult
tt3203606,adult
tt3540136,na
tt3322364,teen
tt2452042,kid
tt0325005,na
tt3121604,na
tt2321513,na
tt0118983,na
tt0248012,na
tt3076658,teen
tt1831829,na
tt3593046,na
tt2217859,adult
tt3276924,adult
tt2279339,teen
tt3595298,na
tt3451498,na
tt2058673,teen
tt1193516,na
tt5190958,na
tt3001638,na
tt4679210,na
tt2304933,teen
tt0191076,na
tt3616916,adult
tt4644382,kid
tt3859076,adult
tt1445208,kid
tt0044177,na
tt1596363,adult
tt4881242,na
tt0319736,na
tt1608290,teen
tt1292566,adult
tt0102655,adult
tt4667094,adult
tt4550098,adult
tt1528854,teen
tt1850457,adult
tt2267968,kid
tt3735246,na
tt2671776,na
tt1374989,teen
tt2140037,adult
tt4535650,na
tt4183692,kid
tt3268668,teen
tt3387542,teen
tt1334470,na
tt2077833,na
tt0315642,na
tt0009369,na
tt1594972,kid
tt2869728,teen
tt1083452,teen
tt4387040,na
tt3018070,adult
tt3882082,teen
tt4337690,teen
tt3231054,teen
tt1860213,adult
tt4761270,na
tt2025690,teen
tt3037582,na
tt4196450,adult
tt1499201,na
tt3801252,na
tt2674426,teen
tt1712261,adult
tt2404233,teen
tt4285496,na
tt5286444,na
tt3499096,teen
tt1179933,teen
tt3300542,adult
tt2948356,kid
tt3553442,adult
tt1002563,teen
tt3381008,adult
tt4276752,na
tt0248216,na
tt2888046,teen
tt0415003,na
tt3896100,kid
tt0066826,adult
tt4306116,na
tt0473367,na
tt1182972,na
tt1185420,na
tt1267500,na
tt2304655,na
tt2258337,na
tt1370429,na
tt1455811,na
tt1578116,na
tt1729637,na
tt1720254,na
tt3483712,na
tt3142232,na
tt0800164,na
tt4701660,adult
tt1974419,adult
tt1609168,teen
tt1355546,na
tt0843326,na
tt1361809,na
tt1214961,na
tt4110568,na
tt2057392,adult
tt3766394,adult
tt0083001,kid
tt2091935,adult
tt4257926,kid
tt4136084,teen
tt3760922,teen
tt5819280,na
tt1490785,adult
tt4139124,adult
tt5278832,na
tt4129870,na
tt3068194,kid
tt1322313,kid
tt2937696,adult
tt3544112,teen
tt5247022,adult
tt2381991,teen
tt4438848,adult
tt1821317,na
tt4991384,na
tt4120176,teen
tt3495026,na
tt2241351,adult
tt4383594,kid
tt3628584,teen
tt3797868,teen
tt2277860,kid
tt2702724,adult
tt2368619,adult
tt1124037,adult
tt1985949,kid
tt4651410,adult
tt2555958,na
tt4258292,na
tt1705772,na
tt4806232,na
tt3320578,na
tt0368400,na
tt0417241,na
tt0807944,na
tt1039952,na
tt0984177,na
tt1388441,na
tt0377321,na
tt0984202,na
tt4824302,teen
tt3774114,adult
tt2865120,kid
tt2978102,adult
tt3799694,adult
tt2980210,adult
tt1655607,na
tt0376144,na
tt1725795,na
tt5653294,na
tt4052882,teen
tt0331282,na
tt1129437,na
tt2372222,na
tt0418460,na
tt0119870,na
tt4016934,na
tt2567026,kid
tt3691740,kid
tt1700841,adult
tt3553976,adult
tt4048272,adult
tt4501454,teen
tt2169322,na
tt3110958,teen
tt4513674,teen
tt4034354,adult
tt5442308,na
tt4936450,adult
tt3949660,teen
tt1878841,teen
tt1680058,na
tt3065204,adult
tt1289401,teen
tt1489889,teen
tt4434004,na
tt4814290,na
tt4196776,teen
tt5662932,na
tt0918940,teen
tt4094724,adult
tt2823054,adult
tt3416828,kid
tt4786282,teen
tt2788732,kid
tt2436682,adult
tt3531824,teen
tt3263904,teen
tt4832640,na
tt5082014,na
tt1105733,na
tt1355631,adult
tt2005151,adult
tt3655414,adult
tt4853102,adult
tt0019096,na
tt4651520,adult
tt2582782,adult
tt4160708,adult
tt2932536,teen
tt5646136,teen
tt0144134,na
tt4731008,kid
tt1878870,adult
tt4190530,adult
tt3716530,adult
tt2345561,na
tt5700672,na
tt3352390,adult
tt3522806,adult
tt2404435,teen
tt0090065,kid
tt2238032,teen
tt4975722,adult
tt1920885,teen
tt4088268,na
tt2461150,teen
tt5824826,na
tt4302938,kid
tt1473832,adult
tt2547584,teen
tt4520364,adult
tt4341582,kid
tt1860357,teen
tt1935859,teen
tt3631112,adult
tt4981636,kid
tt2140479,adult
tt4824308,kid
tt5071886,na
tt3859980,na
tt2392830,teen
tt0472126,adult
tt1046198,na
tt4262980,na
tt0043116,na
tt5221584,na
tt0410454,kid
tt0457530,teen
tt0460611,kid
tt0349159,teen
tt2119532,adult
tt2513074,adult
tt1540011,adult
tt3714720,teen
tt4669986,teen
tt3835080,adult
tt3794028,adult
tt3416532,teen
tt2543164,teen
tt4624424,kid
tt4687848,na
tt2321405,teen
tt5447140,na
tt5282006,adult
tt3783958,teen
tt3640424,adult
tt3062096,teen
tt2387499,teen
tt4361050,teen
tt1679335,kid
tt1472584,teen
tt4645330,teen
tt3393786,teen
tt4034228,adult
tt3741834,teen
tt1798603,adult
tt4649416,teen
tt1713440,na
tt4682786,teen
tt0415481,na
tt0465967,na
tt5091538,na
tt3387266,teen
tt2582500,teen
tt3135556,na
tt3521164,kid
tt1619029,adult
tt1711525,adult
tt5066556,na
tt1483010,na
tt3922818,teen
tt3748528,teen
tt2361317,adult
tt4972582,teen
tt3717252,adult
tt4540710,adult
tt1974420,teen
tt2244376,na
tt5998104,na
tt5320514,na
tt1355644,teen
tt4846340,kid
tt2671706,teen
tt1620935,adult
tt1796657,na
tt4385888,adult
tt2034800,teen
tt4276820,teen
tt4501244,adult
tt3470600,kid
tt5946128,na
tt2094766,teen
tt1753383,kid
tt5074352,na
tt1847713,adult
tt2126235,teen
tt4572514,adult
tt1800302,adult
tt2261287,kid
tt3095734,kid
tt2072233,adult
tt4731136,adult
tt4057376,na
tt3606888,na
tt1293847,teen
tt4030600,teen
tt4116284,kid
tt1389139,teen
tt4217392,na
tt4950110,teen
tt4353996,na
tt0498381,teen
tt1700423,na
tt4954522,adult
tt4425200,adult
tt5052448,adult
tt3315342,adult
tt3731562,teen
tt2763304,adult
tt1691916,teen
tt1972591,teen
tt3216348,teen
tt2771200,kid
tt3874544,kid
tt2592614,adult
tt6265828,adult
tt1219827,teen
tt4465564,adult
tt5614612,na
tt2062700,adult
tt4901756,na
tt0221809,na
tt1661275,adult
tt4943322,adult
tt4714782,adult
tt2872518,teen
tt5442430,adult
tt1212428,teen
tt3717490,teen
tt2316204,adult
tt4158096,adult
tt0493405,adult
tt1412528,teen
tt2568862,teen
tt4271820,na
tt3182620,adult
tt0814005,adult
tt0357111,na
tt0415678,na
tt2398241,kid
tt1730768,teen
tt4481414,teen
tt4981966,na
tt4581576,adult
tt6003368,kid
tt6673840,na
tt1469304,adult
tt3462710,adult
tt2334871,adult
tt2345759,teen
tt4630562,teen
tt2091256,kid
tt3606752,kid
tt4572792,teen
tt6574272,teen
tt1366338,teen
tt0070165,adult
tt1107828,na
tt0456047,na
tt0253828,na
tt5161058,na
tt4871022,na
tt4537362,na
tt1569465,na
tt1796603,na
tt1373243,na
tt4849438,na
tt0326450,na
tt0987918,na
tt0449999,adult
tt5592248,adult
tt3890160,adult
tt0293086,na
tt4799050,adult
tt4643432,na
tt4629032,na
tt0431461,teen
tt0377701,na
tt0459759,na
tt3621288,na
tt3338310,na
tt1620549,na
tt1414840,na
tt1245736,na
tt1532382,na
tt1438463,na
tt3469046,kid
tt2822672,kid
tt1532261,na
tt2321517,na
tt0477337,na
tt4429194,kid
tt1124396,na
tt1620464,na
tt2288121,na
tt0050530,na
tt3450958,teen
tt1458169,adult
tt2239822,teen
tt3266724,na
tt0220656,na
tt1227165,na
tt4187590,na
tt0439662,na
tt2406566,adult
tt5013056,teen
tt0089243,adult
tt5606538,na
tt3371366,teen
tt2592500,na
tt1820462,na
tt1820555,na
tt0453365,na
tt1648190,teen
tt4877122,kid
tt5362988,adult
tt0479751,na
tt3805180,na
tt0933361,na
tt1718881,na
tt1110037,na
